id,subject,term,meaning_ja,example_en,example_ja,source,status,used_at
1,FAR,accounts receivable,売掛金,The company collected its accounts receivable in June.,当社は6月に売掛金を回収した。,,verified,
2,FAR,accounts payable,買掛金,Accounts payable increased due to larger purchases.,仕入の増加により買掛金が増加した。,,verified,
3,FAR,accrued expenses,未払費用,Accrued expenses are recorded at year-end.,未払費用は期末に計上される。,,verified,
4,FAR,deferred revenue,前受収益,Deferred revenue is recognized as services are performed.,前受収益はサービスの提供に応じて収益認識される。,,verified,
5,FAR,depreciation,減価償却,Depreciation expense is recorded each year.,減価償却費は毎年計上される。,,verified,
6,FAR,amortization,(無形資産の)償却,The patent is subject to amortization over ten years.,その特許権は10年で償却される。,,verified,
7,FAR,impairment,減損,The asset was tested for impairment.,その資産は減損テストの対象となった。,,verified,
8,FAR,inventory,棚卸資産,Inventory is measured at cost.,棚卸資産は原価で測定される。,,verified,
9,FAR,goodwill,のれん,Goodwill arises from a business combination.,のれんは企業結合から生じる。,,verified,
10,FAR,retained earnings,利益剰余金,Dividends reduce retained earnings.,配当は利益剰余金を減少させる。,,verified,
11,FAR,accrual basis,発生主義,Revenues are recognized under the accrual basis.,収益は発生主義に基づいて認識される。,,verified,
12,FAR,cash basis,現金主義,Small firms sometimes use the cash basis.,小規模企業は現金主義を用いることがある。,,verified,
13,FAR,fair value,公正価値,The securities are measured at fair value.,その有価証券は公正価値で測定される。,,verified,
14,FAR,carrying amount,帳簿価額,The carrying amount exceeded the fair value.,帳簿価額が公正価値を上回った。,,verified,
15,FAR,historical cost,取得原価,Land is reported at historical cost.,土地は取得原価で報告される。,,verified,
16,FAR,balance sheet,貸借対照表,The balance sheet shows assets and liabilities.,貸借対照表は資産と負債を示す。,,verified,
17,FAR,income statement,損益計算書,The income statement reports revenues and expenses.,損益計算書は収益と費用を報告する。,,verified,
18,FAR,statement of cash flows,キャッシュ・フロー計算書,The statement of cash flows has three sections.,キャッシュ・フロー計算書は3つの区分からなる。,,verified,
19,FAR,statement of stockholders' equity,株主資本等変動計算書,The statement of stockholders' equity shows changes in equity.,株主資本等変動計算書は資本の変動を示す。,,verified,
20,FAR,current assets,流動資産,Cash is classified as a current asset.,現金は流動資産に分類される。,,verified,
21,FAR,noncurrent assets,固定資産(非流動資産),Equipment is reported as a noncurrent asset.,設備は固定資産として報告される。,,verified,
22,FAR,current liabilities,流動負債,Accounts payable are current liabilities.,買掛金は流動負債である。,,verified,
23,FAR,noncurrent liabilities,固定負債(非流動負債),Bonds payable are usually noncurrent liabilities.,社債は通常は固定負債である。,,verified,
24,FAR,cash and cash equivalents,現金及び現金同等物,Cash and cash equivalents include short-term deposits.,現金及び現金同等物には短期預金が含まれる。,,verified,
25,FAR,marketable securities,市場性有価証券,The company invested in marketable securities.,当社は市場性有価証券に投資した。,,verified,
26,FAR,allowance for doubtful accounts,貸倒引当金,The allowance for doubtful accounts was increased.,貸倒引当金が増額された。,,verified,
27,FAR,bad debt expense,貸倒費用(貸倒損失),Bad debt expense is estimated at year-end.,貸倒費用は期末に見積もられる。,,verified,
28,FAR,notes receivable,受取手形,Notes receivable bear interest.,受取手形には利息が付く。,,verified,
29,FAR,notes payable,支払手形,The company issued notes payable to the bank.,当社は銀行に支払手形を振り出した。,,verified,
30,FAR,prepaid expenses,前払費用,Prepaid expenses are assets until they are used.,前払費用は使用されるまで資産である。,,verified,
31,FAR,accrued revenue,未収収益,Accrued revenue is earned but not yet received.,未収収益は稼得済みだが未回収の収益である。,,verified,
32,FAR,property plant and equipment,有形固定資産,Property plant and equipment are depreciated.,有形固定資産は減価償却される。,,verified,
33,FAR,accumulated depreciation,減価償却累計額,Accumulated depreciation is a contra account.,減価償却累計額は評価勘定である。,,verified,
34,FAR,salvage value,残存価額,The machine has a salvage value of $1000.,その機械の残存価額は1000ドルである。,,verified,
35,FAR,useful life,耐用年数,The building has a useful life of 40 years.,その建物の耐用年数は40年である。,,verified,
36,FAR,straight-line method,定額法,Depreciation is computed using the straight-line method.,減価償却は定額法で計算される。,,verified,
37,FAR,declining balance method,定率法,The declining balance method front-loads depreciation.,定率法では償却費が初期に多く計上される。,,verified,
38,FAR,units-of-production method,生産高比例法,The units-of-production method is based on output.,生産高比例法は生産量に基づく。,,verified,
39,FAR,intangible assets,無形資産,Patents are intangible assets.,特許権は無形資産である。,,verified,
40,FAR,patent,特許権,The patent was acquired for $50000.,その特許権は5万ドルで取得された。,,verified,
41,FAR,trademark,商標権,The trademark protects the brand name.,商標権はブランド名を保護する。,,verified,
42,FAR,copyright,著作権,The copyright covers the published work.,著作権は出版物を保護する。,,verified,
43,FAR,research and development costs,研究開発費,Research and development costs are generally expensed.,研究開発費は原則として費用処理される。,,verified,
44,FAR,capitalize,資産計上する,The company capitalized the installation costs.,当社は据付費用を資産計上した。,,verified,
45,FAR,revenue recognition,収益認識,Revenue recognition follows a five-step model.,収益認識は5ステップ・モデルに従う。,,verified,
46,FAR,performance obligation,履行義務,Each performance obligation is identified in the contract.,契約の中で各履行義務が識別される。,,verified,
47,FAR,transaction price,取引価格,The transaction price is allocated to each obligation.,取引価格は各履行義務に配分される。,,verified,
48,FAR,matching principle,費用収益対応の原則,Expenses are recognized under the matching principle.,費用は費用収益対応の原則により認識される。,,verified,
49,FAR,conservatism,保守主義,Conservatism avoids overstating assets.,保守主義は資産の過大表示を避ける。,,verified,
50,FAR,consistency,継続性,Consistency requires the same methods each period.,継続性は毎期同じ方法の適用を求める。,,verified,
51,FAR,comparability,比較可能性,Comparability helps users compare companies.,比較可能性は企業間の比較に役立つ。,,verified,
52,FAR,relevance,目的適合性,Relevant information affects users' decisions.,目的適合性のある情報は利用者の意思決定に影響する。,,verified,
53,FAR,faithful representation,忠実な表現,Faithful representation requires complete and neutral information.,忠実な表現は完全で中立的な情報を求める。,,verified,
54,FAR,first-in first-out (FIFO),先入先出法,FIFO assumes the oldest goods are sold first.,先入先出法では古い商品から販売されたとみなす。,,verified,
55,FAR,last-in first-out (LIFO),後入先出法,LIFO assumes the newest goods are sold first.,後入先出法では新しい商品から販売されたとみなす。,,verified,
56,FAR,weighted-average method,加重平均法,The weighted-average method smooths cost fluctuations.,加重平均法は原価の変動を平準化する。,,verified,
57,FAR,lower of cost or market,低価法,Inventory is measured at the lower of cost or market.,棚卸資産は低価法で測定される。,,verified,
58,FAR,net realizable value,正味実現可能価額,Net realizable value is the estimated selling price less costs.,正味実現可能価額は見積売価から費用を控除した額である。,,verified,
59,FAR,cost of goods sold,売上原価,Cost of goods sold is deducted from sales.,売上原価は売上高から控除される。,,verified,
60,FAR,gross profit,売上総利益,Gross profit equals sales minus cost of goods sold.,売上総利益は売上高から売上原価を差し引いた額である。,,verified,
61,FAR,operating income,営業利益,Operating income excludes interest expense.,営業利益には支払利息は含まれない。,,verified,
62,FAR,net income,当期純利益,Net income increased by 10 percent.,当期純利益は10パーセント増加した。,,verified,
63,FAR,earnings per share,1株当たり利益,Earnings per share is disclosed on the income statement.,1株当たり利益は損益計算書で開示される。,,verified,
64,FAR,diluted earnings per share,希薄化後1株当たり利益,Diluted earnings per share reflects convertible securities.,希薄化後1株当たり利益は転換証券を反映する。,,verified,
65,FAR,common stock,普通株式,The company issued common stock for cash.,当社は現金と引換えに普通株式を発行した。,,verified,
66,FAR,preferred stock,優先株式,Preferred stock has priority over common stock.,優先株式は普通株式に優先する。,,verified,
67,FAR,treasury stock,自己株式,Treasury stock reduces total equity.,自己株式は資本合計を減少させる。,,verified,
68,FAR,additional paid-in capital,払込剰余金(資本剰余金),The excess was credited to additional paid-in capital.,超過額は払込剰余金に貸方記入された。,,verified,
69,FAR,dividends,配当金,The board declared cash dividends.,取締役会は現金配当を宣言した。,,verified,
70,FAR,stock split,株式分割,The company announced a two-for-one stock split.,当社は1対2の株式分割を発表した。,,verified,
71,FAR,stock dividend,株式配当,A stock dividend does not change total equity.,株式配当は資本合計を変化させない。,,verified,
72,FAR,comprehensive income,包括利益,Comprehensive income includes unrealized gains.,包括利益には未実現利益が含まれる。,,verified,
73,FAR,accumulated other comprehensive income,その他の包括利益累計額,Translation adjustments are part of accumulated other comprehensive income.,為替換算調整額はその他の包括利益累計額に含まれる。,,verified,
74,FAR,bonds payable,社債,The company issued bonds payable at a discount.,当社は社債を割引発行した。,,verified,
75,FAR,bond premium,社債の打歩発行差額(プレミアム),The bond premium is amortized over the bond term.,社債プレミアムは償還期間にわたり償却される。,,verified,
76,FAR,bond discount,社債の割引発行差額(ディスカウント),The bond discount increases interest expense.,社債ディスカウントは支払利息を増加させる。,,verified,
77,FAR,effective interest method,実効金利法,Interest expense is computed under the effective interest method.,支払利息は実効金利法で計算される。,,verified,
78,FAR,face value,額面金額,The bond has a face value of $1000.,その社債の額面金額は1000ドルである。,,verified,
79,FAR,stated interest rate,表面利率,The stated interest rate is 5 percent.,表面利率は5パーセントである。,,verified,
80,FAR,maturity date,満期日,The note is due on its maturity date.,その手形は満期日に支払期限を迎える。,,verified,
81,FAR,finance lease,ファイナンス・リース,A finance lease transfers control of the asset.,ファイナンス・リースは資産の支配を移転する。,,verified,
82,FAR,operating lease,オペレーティング・リース,Office space is often held under an operating lease.,オフィスはオペレーティング・リースで賃借されることが多い。,,verified,
83,FAR,right-of-use asset,使用権資産,The lessee recognizes a right-of-use asset.,借手は使用権資産を認識する。,,verified,
84,FAR,lease liability,リース負債,The lease liability equals the present value of payments.,リース負債はリース料の現在価値に等しい。,,verified,
85,FAR,deferred tax asset,繰延税金資産,A deferred tax asset arises from deductible differences.,繰延税金資産は将来減算一時差異から生じる。,,verified,
86,FAR,deferred tax liability,繰延税金負債,A deferred tax liability arises from taxable differences.,繰延税金負債は将来加算一時差異から生じる。,,verified,
87,FAR,temporary difference,一時差異,Depreciation methods often create temporary differences.,減価償却方法の違いはしばしば一時差異を生む。,,verified,
88,FAR,permanent difference,永久差異,Fines are a common permanent difference.,罰金は代表的な永久差異である。,,verified,
89,FAR,defined benefit plan,確定給付制度,A defined benefit plan promises a fixed pension.,確定給付制度は一定の年金を約束する。,,verified,
90,FAR,defined contribution plan,確定拠出制度,The employer contributes to a defined contribution plan.,事業主は確定拠出制度に拠出する。,,verified,
91,FAR,contingent liability,偶発債務,The lawsuit created a contingent liability.,その訴訟により偶発債務が生じた。,,verified,
92,FAR,warranty liability,製品保証引当金,The warranty liability is estimated from past experience.,製品保証引当金は過去の実績から見積もられる。,,verified,
93,FAR,subsequent events,後発事象,Subsequent events are evaluated before the report is issued.,後発事象は報告書発行前に評価される。,,verified,
94,FAR,related party transactions,関連当事者取引,Related party transactions must be disclosed.,関連当事者取引は開示が必要である。,,verified,
95,FAR,segment reporting,セグメント報告,Segment reporting shows results by business unit.,セグメント報告は事業単位ごとの業績を示す。,,verified,
96,FAR,interim financial reporting,期中財務報告,Interim financial reporting is issued quarterly.,期中財務報告は四半期ごとに公表される。,,verified,
97,FAR,foreign currency translation,外貨換算,Foreign currency translation affects consolidated statements.,外貨換算は連結財務諸表に影響する。,,verified,
98,FAR,exchange rate,為替レート,The exchange rate changed significantly this year.,今年は為替レートが大きく変動した。,,verified,
99,FAR,hedging,ヘッジ,Hedging reduces exposure to currency risk.,ヘッジは為替リスクへのエクスポージャーを減らす。,,verified,
100,FAR,derivative,デリバティブ(金融派生商品),A forward contract is a derivative.,先渡契約はデリバティブである。,,verified,
101,FAR,equity method,持分法,The investment is accounted for under the equity method.,その投資は持分法で会計処理される。,,verified,
102,FAR,subsidiary,子会社,The parent controls its subsidiary.,親会社は子会社を支配している。,,verified,
103,FAR,parent company,親会社,The parent company prepares consolidated statements.,親会社は連結財務諸表を作成する。,,verified,
104,FAR,noncontrolling interest,非支配持分,Noncontrolling interest is presented within equity.,非支配持分は資本の部に表示される。,,verified,
105,FAR,business combination,企業結合,The business combination was accounted for as an acquisition.,その企業結合は取得として会計処理された。,,verified,
106,FAR,acquisition,取得(買収),The acquisition was completed in March.,その買収は3月に完了した。,,verified,
107,FAR,merger,合併,The merger created the largest firm in the industry.,その合併により業界最大の企業が誕生した。,,verified,
108,FAR,consolidation,連結,Consolidation combines the parent and its subsidiaries.,連結は親会社と子会社を結合する。,,verified,
109,FAR,elimination entry,連結消去仕訳,An elimination entry removes intercompany sales.,連結消去仕訳はグループ内売上を消去する。,,verified,
110,FAR,intercompany transaction,グループ内取引(内部取引),Intercompany transactions are eliminated in consolidation.,グループ内取引は連結上消去される。,,verified,
111,FAR,journal entry,仕訳,The accountant recorded a journal entry.,経理担当者は仕訳を記帳した。,,verified,
112,FAR,general ledger,総勘定元帳,All accounts are kept in the general ledger.,すべての勘定は総勘定元帳に記録される。,,verified,
113,FAR,trial balance,試算表,The trial balance lists all account balances.,試算表はすべての勘定残高を一覧にする。,,verified,
114,FAR,adjusting entries,決算整理仕訳,Adjusting entries are made at period-end.,決算整理仕訳は期末に行われる。,,verified,
115,FAR,closing entries,帳簿の締切仕訳,Closing entries reset the temporary accounts.,締切仕訳は一時勘定をゼロに戻す。,,verified,
116,FAR,chart of accounts,勘定科目一覧表,Each account number is defined in the chart of accounts.,各勘定番号は勘定科目一覧表で定義される。,,verified,
117,FAR,debit,借方,Cash was recorded as a debit.,現金は借方に記帳された。,,verified,
118,FAR,credit,貸方,Revenue is recorded as a credit.,収益は貸方に記帳される。,,verified,
119,FAR,double-entry bookkeeping,複式簿記,Double-entry bookkeeping keeps debits equal to credits.,複式簿記では借方と貸方が常に一致する。,,verified,
120,FAR,fiscal year,会計年度,The fiscal year ends on December 31.,会計年度は12月31日に終了する。,,verified,
121,FAR,book value,簿価,The book value of the asset is $8000.,その資産の簿価は8000ドルである。,,verified,
122,FAR,present value,現在価値,The liability is measured at present value.,その負債は現在価値で測定される。,,verified,
123,FAR,future value,将来価値,Future value grows with compound interest.,将来価値は複利で増加する。,,verified,
124,FAR,discount rate,割引率,A higher discount rate lowers present value.,割引率が高いほど現在価値は低くなる。,,verified,
125,FAR,annuity,年金(定額の定期支払),The lease payments form an annuity.,そのリース料は年金型の支払である。,,verified,
126,FAR,installment sales,割賦販売,Installment sales are collected over several years.,割賦販売の代金は数年にわたり回収される。,,verified,
127,FAR,percentage-of-completion method,工事進行基準,Revenue is recognized under the percentage-of-completion method.,収益は工事進行基準で認識される。,,verified,
128,FAR,completed-contract method,工事完成基準,The completed-contract method defers revenue until completion.,工事完成基準では完成まで収益が繰り延べられる。,,verified,
129,FAR,construction in progress,建設仮勘定,Costs are accumulated in construction in progress.,原価は建設仮勘定に集計される。,,verified,
130,FAR,asset retirement obligation,資産除去債務,An asset retirement obligation is recognized at present value.,資産除去債務は現在価値で認識される。,,verified,
131,FAR,discontinued operations,非継続事業,Discontinued operations are reported separately.,非継続事業は区分表示される。,,verified,
132,FAR,restructuring charges,事業再編費用,Restructuring charges reduced operating income.,事業再編費用が営業利益を減少させた。,,verified,
133,FAR,write-off,(回収不能債権などの)直接償却,The uncollectible account was written off.,回収不能な債権は直接償却された。,,verified,
134,FAR,write-down,評価減,The inventory write-down was recorded in June.,棚卸資産の評価減が6月に計上された。,,verified,
135,FAR,gain on sale,売却益,The company recognized a gain on sale of equipment.,当社は設備の売却益を認識した。,,verified,
136,FAR,loss on sale,売却損,A loss on sale was reported for the old machine.,旧機械について売却損が報告された。,,verified,
137,FAR,fund accounting,基金会計(ファンド会計),Governments use fund accounting.,政府は基金会計を用いる。,,verified,
138,FAR,modified accrual basis,修正発生主義,Governmental funds use the modified accrual basis.,政府のファンドは修正発生主義を用いる。,,verified,
139,FAR,governmental accounting,政府会計,Governmental accounting differs from business accounting.,政府会計は企業会計と異なる。,,verified,
140,FAR,not-for-profit organization,非営利組織,A not-for-profit organization reports net assets.,非営利組織は純資産を報告する。,,verified,
141,FAR,petty cash,小口現金,Small payments are made from petty cash.,少額の支払は小口現金から行われる。,,verified,
142,FAR,bank reconciliation,銀行勘定調整表,The bank reconciliation is prepared monthly.,銀行勘定調整表は毎月作成される。,,verified,
143,FAR,outstanding checks,未取付小切手,Outstanding checks are deducted from the bank balance.,未取付小切手は銀行残高から控除される。,,verified,
144,FAR,deposit in transit,未達預金,A deposit in transit is added to the bank balance.,未達預金は銀行残高に加算される。,,verified,
145,FAR,voucher,証憑,Each payment is supported by a voucher.,各支払は証憑によって裏付けられる。,,verified,
146,FAR,freight-in,引取運賃,Freight-in is included in inventory cost.,引取運賃は棚卸資産の原価に含まれる。,,verified,
147,FAR,freight-out,発送運賃,Freight-out is a selling expense.,発送運賃は販売費である。,,verified,
148,FAR,purchase discount,仕入割引,A purchase discount was taken for early payment.,早期支払により仕入割引を受けた。,,verified,
149,FAR,sales discount,売上割引,Sales discounts reduce net sales.,売上割引は純売上高を減少させる。,,verified,
150,FAR,sales returns and allowances,売上返品・値引,Sales returns and allowances are contra revenue accounts.,売上返品・値引は収益の控除項目である。,,verified,
151,FAR,purchase returns,仕入返品,Purchase returns reduce inventory cost.,仕入返品は仕入原価を減少させる。,,verified,
152,FAR,consignment,委託販売,Goods on consignment remain the consignor's inventory.,委託販売の商品は委託者の棚卸資産にとどまる。,,verified,
153,FAR,consignor,委託者,The consignor ships goods to the consignee.,委託者は受託者に商品を発送する。,,verified,
154,FAR,consignee,受託者,The consignee sells goods for a commission.,受託者は手数料を得て商品を販売する。,,verified,
155,FAR,FOB shipping point,出荷地渡し,Title passes at shipment under FOB shipping point.,出荷地渡しでは出荷時に所有権が移転する。,,verified,
156,FAR,FOB destination,仕向地渡し,Title passes on delivery under FOB destination.,仕向地渡しでは引渡時に所有権が移転する。,,verified,
157,FAR,perpetual inventory system,継続記録法,The perpetual inventory system updates records continuously.,継続記録法では記録が継続的に更新される。,,verified,
158,FAR,periodic inventory system,棚卸計算法,The periodic inventory system counts goods at period-end.,棚卸計算法では期末に実地棚卸を行う。,,verified,
159,FAR,inventory shrinkage,棚卸減耗,Inventory shrinkage was caused by theft and damage.,棚卸減耗は盗難や破損によって生じた。,,verified,
160,FAR,specific identification method,個別法,The specific identification method tracks each item.,個別法は品目ごとに原価を追跡する。,,verified,
161,FAR,retail inventory method,売価還元法,The retail inventory method estimates ending inventory.,売価還元法は期末棚卸資産を見積もる。,,verified,
162,FAR,gross profit method,売上総利益法,The gross profit method is used for interim estimates.,売上総利益法は期中の見積りに用いられる。,,verified,
163,FAR,factoring,ファクタリング(債権の売却),The company raised cash by factoring its receivables.,当社は債権のファクタリングで資金を調達した。,,verified,
164,FAR,pledging,(債権の)担保差入,Receivables were pledged as collateral for the loan.,債権は借入金の担保として差し入れられた。,,verified,
165,FAR,discounting notes receivable,受取手形の割引,The note was discounted at the bank.,その手形は銀行で割り引かれた。,,verified,
166,FAR,held-to-maturity securities,満期保有目的有価証券,Held-to-maturity securities are carried at amortized cost.,満期保有目的有価証券は償却原価で計上される。,,verified,
167,FAR,trading securities,売買目的有価証券,Trading securities are measured at fair value.,売買目的有価証券は公正価値で測定される。,,verified,
168,FAR,available-for-sale securities,売却可能有価証券,Unrealized gains on available-for-sale securities go to OCI.,売却可能有価証券の未実現利益はその他の包括利益に計上される。,,verified,
169,FAR,unrealized gain,未実現利益,An unrealized gain was recorded on the securities.,その有価証券について未実現利益が計上された。,,verified,
170,FAR,realized gain,実現利益,A realized gain arises when the asset is sold.,実現利益は資産の売却時に生じる。,,verified,
171,FAR,equity securities,持分証券,Equity securities represent ownership interests.,持分証券は所有持分を表す。,,verified,
172,FAR,debt securities,負債性証券(債券),Bonds are debt securities.,社債は負債性証券である。,,verified,
173,FAR,leasehold improvements,賃借設備改良(造作),Leasehold improvements are amortized over the lease term.,造作はリース期間にわたり償却される。,,verified,
174,FAR,capital expenditure,資本的支出,The renovation was treated as a capital expenditure.,その改修は資本的支出として処理された。,,verified,
175,FAR,revenue expenditure,収益的支出,Routine repairs are revenue expenditures.,通常の修繕は収益的支出である。,,verified,
176,FAR,repairs and maintenance,修繕維持費,Repairs and maintenance are expensed as incurred.,修繕維持費は発生時に費用処理される。,,verified,
177,FAR,depletion,減耗償却,Depletion applies to natural resources.,減耗償却は天然資源に適用される。,,verified,
178,FAR,franchise,フランチャイズ権,The franchise was recorded as an intangible asset.,フランチャイズ権は無形資産として計上された。,,verified,
179,FAR,license,ライセンス(使用許諾),The license grants the right to use the software.,そのライセンスはソフトウェアの使用権を与える。,,verified,
180,FAR,startup costs,開業費,Startup costs are expensed as incurred.,開業費は発生時に費用処理される。,,verified,
181,FAR,contra account,評価勘定(控除勘定),Accumulated depreciation is a contra account.,減価償却累計額は評価勘定である。,,verified,
182,FAR,accrued interest,未払利息(未収利息),Accrued interest is recorded at period-end.,未払利息は期末に計上される。,,verified,
183,FAR,callable bond,繰上償還可能社債,A callable bond can be redeemed early by the issuer.,繰上償還可能社債は発行者が期限前に償還できる。,,verified,
184,FAR,convertible bond,転換社債,A convertible bond can be exchanged for common stock.,転換社債は普通株式に転換できる。,,verified,
185,FAR,serial bonds,連続償還社債,Serial bonds mature in installments.,連続償還社債は分割して満期を迎える。,,verified,
186,FAR,term bonds,満期一括償還社債,Term bonds mature on a single date.,満期一括償還社債は単一の期日に満期となる。,,verified,
187,FAR,sinking fund,減債基金,A sinking fund is set aside to repay the bonds.,減債基金は社債の償還のために積み立てられる。,,verified,
188,FAR,troubled debt restructuring,問題債務の条件緩和,The loan terms were modified in a troubled debt restructuring.,問題債務の条件緩和により貸付条件が変更された。,,verified,
189,FAR,note disclosure,注記開示,Details are provided in the note disclosures.,詳細は注記開示で提供される。,,verified,
190,FAR,accounting policies,会計方針,Significant accounting policies are disclosed.,重要な会計方針は開示される。,,verified,
191,FAR,change in accounting estimate,会計上の見積りの変更,A change in accounting estimate is applied prospectively.,会計上の見積りの変更は将来に向かって適用される。,,verified,
192,FAR,change in accounting principle,会計方針の変更,A change in accounting principle is applied retrospectively.,会計方針の変更は遡及適用される。,,verified,
193,FAR,prior period adjustment,前期修正,The error required a prior period adjustment.,その誤謬により前期修正が必要となった。,,verified,
194,FAR,error correction,誤謬の訂正,The error correction was disclosed in the notes.,誤謬の訂正は注記で開示された。,,verified,
195,FAR,restatement,訂正再表示,The financial statements required a restatement.,財務諸表の訂正再表示が必要となった。,,verified,
196,FAR,gross method,総額法,Purchases are recorded at the gross method amount.,総額法では仕入を総額で記録する。,,verified,
197,FAR,net method,純額法,The net method records purchases net of discounts.,純額法では割引控除後の金額で仕入を記録する。,,verified,
198,FAR,trade receivables,営業債権,Trade receivables arise from normal sales.,営業債権は通常の販売から生じる。,,verified,
199,FAR,betterment,改良,The betterment extended the asset's useful life.,その改良により資産の耐用年数が延長された。,,verified,
200,FAR,organization costs,創立費,Organization costs were expensed when incurred.,創立費は発生時に費用処理された。,,verified,
201,AUD,audit risk,監査リスク,Audit risk is the risk of an inappropriate opinion.,監査リスクとは不適切な意見を表明するリスクである。,,verified,
202,AUD,inherent risk,固有リスク,Complex estimates increase inherent risk.,複雑な見積りは固有リスクを高める。,,verified,
203,AUD,control risk,統制リスク,Weak controls increase control risk.,脆弱な統制は統制リスクを高める。,,verified,
204,AUD,detection risk,発見リスク,The auditor lowers detection risk with more testing.,監査人は手続を増やして発見リスクを下げる。,,verified,
205,AUD,risk assessment,リスク評価,Risk assessment is performed during planning.,リスク評価は計画段階で実施される。,,verified,
206,AUD,audit plan,監査計画,The audit plan describes the planned procedures.,監査計画は予定される手続を記載する。,,verified,
207,AUD,audit evidence,監査証拠,Sufficient appropriate audit evidence must be obtained.,十分かつ適切な監査証拠を入手しなければならない。,,verified,
208,AUD,sufficiency,(監査証拠の)十分性,Sufficiency refers to the quantity of evidence.,十分性は証拠の量に関する概念である。,,verified,
209,AUD,appropriateness,(監査証拠の)適切性,Appropriateness refers to the quality of evidence.,適切性は証拠の質に関する概念である。,,verified,
210,AUD,analytical procedures,分析的手続,Analytical procedures compare recorded amounts with expectations.,分析的手続は記録された金額と予想値を比較する。,,verified,
211,AUD,confirmation,確認,The auditor sent a confirmation to the customer.,監査人は顧客に確認状を送付した。,,verified,
212,AUD,positive confirmation,積極的確認,A positive confirmation requests a reply in all cases.,積極的確認は常に回答を求める。,,verified,
213,AUD,negative confirmation,消極的確認,A negative confirmation requests a reply only if incorrect.,消極的確認は誤りがある場合のみ回答を求める。,,verified,
214,AUD,observation,観察,Observation of the inventory count is a common procedure.,棚卸の観察は一般的な監査手続である。,,verified,
215,AUD,inspection,閲覧(検査),Inspection of documents provides audit evidence.,文書の閲覧は監査証拠を提供する。,,verified,
216,AUD,recalculation,再計算,Recalculation verifies mathematical accuracy.,再計算は計算の正確性を確かめる。,,verified,
217,AUD,reperformance,再実施,The auditor reperformed the control procedure.,監査人は統制手続を再実施した。,,verified,
218,AUD,inquiry,質問,Inquiry alone does not provide sufficient evidence.,質問のみでは十分な証拠にならない。,,verified,
219,AUD,vouching,証憑突合(バウチング),Vouching tests for overstatement of recorded amounts.,証憑突合は記録金額の過大表示を検証する。,,verified,
220,AUD,tracing,追跡(トレーシング),Tracing tests for completeness of recorded transactions.,追跡は取引記録の網羅性を検証する。,,verified,
221,AUD,cutoff,期間帰属(カットオフ),Cutoff testing focuses on transactions near year-end.,カットオフ・テストは期末付近の取引に注目する。,,verified,
222,AUD,existence,実在性,Existence addresses whether assets actually exist.,実在性は資産が実際に存在するかを扱う。,,verified,
223,AUD,completeness,網羅性,Completeness addresses whether all transactions are recorded.,網羅性はすべての取引が記録されているかを扱う。,,verified,
224,AUD,accuracy,正確性,Accuracy addresses whether amounts are recorded correctly.,正確性は金額が正しく記録されているかを扱う。,,verified,
225,AUD,valuation and allocation,評価と配分,Valuation addresses whether assets are properly measured.,評価は資産が適切に測定されているかを扱う。,,verified,
226,AUD,rights and obligations,権利と義務,Rights and obligations address ownership of assets.,権利と義務は資産の所有権を扱う。,,verified,
227,AUD,presentation and disclosure,表示と開示,Presentation and disclosure address proper classification.,表示と開示は適切な分類を扱う。,,verified,
228,AUD,occurrence,発生,Occurrence addresses whether recorded transactions took place.,発生は記録された取引が実際に生じたかを扱う。,,verified,
229,AUD,classification,分類,Classification addresses recording in the proper accounts.,分類は適切な勘定への記録を扱う。,,verified,
230,AUD,misstatement,虚偽表示,The auditor identified a material misstatement.,監査人は重要な虚偽表示を発見した。,,verified,
231,AUD,tolerable misstatement,許容虚偽表示,Tolerable misstatement is set below materiality.,許容虚偽表示は重要性より低く設定される。,,verified,
232,AUD,fraud,不正,Fraud involves intentional misstatement.,不正は意図的な虚偽表示を伴う。,,verified,
233,AUD,error,誤謬,An error is an unintentional misstatement.,誤謬は意図的でない虚偽表示である。,,verified,
234,AUD,professional skepticism,職業的懐疑心,The auditor maintains professional skepticism throughout the audit.,監査人は監査全体を通じて職業的懐疑心を保持する。,,verified,
235,AUD,professional judgment,職業的専門家としての判断,Professional judgment is applied in setting materiality.,重要性の設定には職業的判断が用いられる。,,verified,
236,AUD,independence,独立性,Independence is required for audit engagements.,監査業務には独立性が求められる。,,verified,
237,AUD,due professional care,正当な注意,The auditor exercises due professional care.,監査人は正当な注意を払う。,,verified,
238,AUD,engagement letter,監査契約書,The engagement letter defines the scope of the audit.,監査契約書は監査の範囲を定める。,,verified,
239,AUD,predecessor auditor,前任監査人,The new auditor contacted the predecessor auditor.,新任監査人は前任監査人に連絡した。,,verified,
240,AUD,audit report,監査報告書,The audit report was issued in February.,監査報告書は2月に発行された。,,verified,
241,AUD,unmodified opinion,無限定適正意見,The auditor expressed an unmodified opinion.,監査人は無限定適正意見を表明した。,,verified,
242,AUD,qualified opinion,限定付適正意見,A qualified opinion was issued due to a scope limitation.,監査範囲の制約により限定付適正意見が表明された。,,verified,
243,AUD,adverse opinion,不適正意見,An adverse opinion indicates pervasive misstatements.,不適正意見は広範な虚偽表示を示す。,,verified,
244,AUD,disclaimer of opinion,意見不表明,The auditor issued a disclaimer of opinion.,監査人は意見不表明とした。,,verified,
245,AUD,emphasis-of-matter paragraph,強調事項区分,An emphasis-of-matter paragraph highlights a disclosed matter.,強調事項区分は開示済みの事項を強調する。,,verified,
246,AUD,internal control,内部統制,The auditor obtained an understanding of internal control.,監査人は内部統制を理解した。,,verified,
247,AUD,control environment,統制環境,The control environment sets the tone of the organization.,統制環境は組織の気風を決める。,,verified,
248,AUD,control activities,統制活動,Control activities include approvals and reconciliations.,統制活動には承認や照合が含まれる。,,verified,
249,AUD,monitoring activities,モニタリング活動,Monitoring activities assess control performance over time.,モニタリング活動は統制の有効性を継続的に評価する。,,verified,
250,AUD,segregation of duties,職務の分離,Segregation of duties reduces the risk of fraud.,職務の分離は不正のリスクを低減する。,,verified,
251,AUD,authorization,承認,Proper authorization is required for each purchase.,各購買には適切な承認が必要である。,,verified,
252,AUD,reconciliation,照合(残高調整),The monthly reconciliation detected the difference.,月次照合により差異が発見された。,,verified,
253,AUD,walkthrough,ウォークスルー,A walkthrough traces a transaction through the process.,ウォークスルーは取引を業務プロセスに沿って追跡する。,,verified,
254,AUD,test of controls,統制テスト(運用評価手続),Tests of controls evaluate operating effectiveness.,統制テストは運用状況の有効性を評価する。,,verified,
255,AUD,substantive procedures,実証手続,Substantive procedures detect material misstatements.,実証手続は重要な虚偽表示を発見する。,,verified,
256,AUD,sampling risk,サンプリング・リスク,Sampling risk arises from testing less than 100 percent.,サンプリング・リスクは全数検証を行わないことから生じる。,,verified,
257,AUD,attribute sampling,属性サンプリング,Attribute sampling is used in tests of controls.,属性サンプリングは統制テストで用いられる。,,verified,
258,AUD,population,母集団,The population consists of all sales invoices.,母集団はすべての売上請求書からなる。,,verified,
259,AUD,sample size,サンプル数,A lower risk requires a larger sample size.,リスクを低くするには大きなサンプル数が必要である。,,verified,
260,AUD,materiality,重要性,Materiality is determined during planning.,重要性は計画段階で決定される。,,verified,
261,AUD,going concern,継続企業の前提,Substantial doubt about going concern must be evaluated.,継続企業の前提に関する重要な疑義は評価されなければならない。,,verified,
262,AUD,management representation letter,経営者確認書,The management representation letter is dated at the report date.,経営者確認書の日付は監査報告書日と同日である。,,verified,
263,AUD,those charged with governance,統治責任者,Significant findings are communicated to those charged with governance.,重要な発見事項は統治責任者に伝達される。,,verified,
264,AUD,audit committee,監査委員会,The audit committee oversees the external auditor.,監査委員会は外部監査人を監督する。,,verified,
265,AUD,internal auditor,内部監査人,The internal auditor reports to the audit committee.,内部監査人は監査委員会に報告する。,,verified,
266,AUD,external auditor,外部監査人,The external auditor is independent of the company.,外部監査人は会社から独立している。,,verified,
267,AUD,compilation,調製業務(コンピレーション),A compilation provides no assurance.,調製業務は保証を提供しない。,,verified,
268,AUD,review engagement,レビュー業務,A review provides limited assurance.,レビュー業務は限定的保証を提供する。,,verified,
269,AUD,attestation engagement,証明業務,An attestation engagement reports on subject matter.,証明業務は主題に関して報告する。,,verified,
270,AUD,assurance services,保証業務,Assurance services improve the quality of information.,保証業務は情報の質を高める。,,verified,
271,AUD,agreed-upon procedures,合意された手続,Agreed-upon procedures report only factual findings.,合意された手続は事実に基づく発見事項のみを報告する。,,verified,
272,AUD,quality control,品質管理,The firm maintains a system of quality control.,監査事務所は品質管理のシステムを維持する。,,verified,
273,AUD,scope limitation,監査範囲の制約,A scope limitation may lead to a qualified opinion.,監査範囲の制約は限定付適正意見につながり得る。,,verified,
274,AUD,working papers,監査調書,Working papers document the evidence obtained.,監査調書は入手した証拠を文書化する。,,verified,
275,AUD,dual dating,二重日付,Dual dating is used for a subsequent event.,二重日付は後発事象に対して用いられる。,,verified,
276,AUD,engagement partner,業務執行社員,The engagement partner is responsible for the audit.,業務執行社員は監査に責任を負う。,,verified,
277,AUD,peer review,ピア・レビュー(相互審査),The firm undergoes a peer review every three years.,監査事務所は3年ごとにピア・レビューを受ける。,,verified,
278,AUD,planning materiality,計画段階の重要性,Planning materiality guides the extent of testing.,計画段階の重要性は手続の範囲を方向づける。,,verified,
279,AUD,performance materiality,手続実施上の重要性,Performance materiality is set below overall materiality.,手続実施上の重要性は全体の重要性より低く設定される。,,verified,
280,AUD,risk of material misstatement,重要な虚偽表示リスク,The risk of material misstatement combines inherent and control risk.,重要な虚偽表示リスクは固有リスクと統制リスクからなる。,,verified,
281,AUD,significant risk,特別な検討を必要とするリスク,Revenue recognition is often a significant risk.,収益認識はしばしば特別な検討を必要とするリスクとなる。,,verified,
282,AUD,fraud risk factors,不正リスク要因,Fraud risk factors include incentives and opportunities.,不正リスク要因には動機と機会が含まれる。,,verified,
283,AUD,management override,経営者による内部統制の無効化,Management override is a risk in every audit.,経営者による内部統制の無効化はすべての監査におけるリスクである。,,verified,
284,AUD,collusion,共謀,Collusion can defeat segregation of duties.,共謀は職務の分離を無効にし得る。,,verified,
285,AUD,tone at the top,経営トップの姿勢,Tone at the top shapes the control environment.,経営トップの姿勢は統制環境を形づくる。,,verified,
286,AUD,whistleblower,内部通報者,The whistleblower reported the suspicious transactions.,内部通報者が不審な取引を報告した。,,verified,
287,AUD,related party,関連当事者,Transactions with a related party require attention.,関連当事者との取引には注意が必要である。,,verified,
288,AUD,lawyer's letter,弁護士確認書,The lawyer's letter addresses litigation and claims.,弁護士確認書は訴訟や請求について記載する。,,verified,
289,AUD,bank confirmation,銀行確認状,A bank confirmation verifies cash balances.,銀行確認状は現金預金残高を確かめる。,,verified,
290,AUD,inventory observation,棚卸立会,Inventory observation is required when amounts are material.,金額が重要な場合は棚卸立会が求められる。,,verified,
291,AUD,physical count,実地棚卸,The physical count was performed on December 31.,実地棚卸は12月31日に実施された。,,verified,
292,AUD,other-matter paragraph,その他の事項区分,An other-matter paragraph addresses matters not disclosed.,その他の事項区分は財務諸表に表示されない事項を扱う。,,verified,
293,AUD,comparative financial statements,比較財務諸表,Comparative financial statements present two or more periods.,比較財務諸表は複数の期間を表示する。,,verified,
294,AUD,opening balances,期首残高,Opening balances are audited in an initial engagement.,初年度監査では期首残高が監査される。,,verified,
295,AUD,group audit,グループ監査,A group audit covers the consolidated statements.,グループ監査は連結財務諸表を対象とする。,,verified,
296,AUD,component auditor,構成単位の監査人,The component auditor audits a subsidiary.,構成単位の監査人は子会社を監査する。,,verified,
297,AUD,using the work of a specialist,専門家の業務の利用,The auditor used the work of a valuation specialist.,監査人は評価専門家の業務を利用した。,,verified,
298,AUD,statistical sampling,統計的サンプリング,Statistical sampling quantifies sampling risk.,統計的サンプリングはサンプリング・リスクを定量化する。,,verified,
299,AUD,nonstatistical sampling,非統計的サンプリング,Nonstatistical sampling relies on professional judgment.,非統計的サンプリングは職業的判断に依拠する。,,verified,
300,AUD,stratification,層化,Stratification divides the population into groups.,層化は母集団をグループに分割する。,,verified,
301,AUD,projected misstatement,推定虚偽表示,The projected misstatement was below tolerable misstatement.,推定虚偽表示は許容虚偽表示を下回った。,,verified,
302,AUD,nonsampling risk,ノンサンプリング・リスク,Nonsampling risk includes auditor error.,ノンサンプリング・リスクには監査人の誤りが含まれる。,,verified,
303,AUD,engagement quality review,業務品質レビュー,An engagement quality review is performed before issuance.,業務品質レビューは報告書発行前に実施される。,,verified,
304,AUD,code of professional conduct,職業行為規範,CPAs must follow the code of professional conduct.,公認会計士は職業行為規範に従わなければならない。,,verified,
305,AUD,continuing professional education,継続的専門研修,CPAs complete continuing professional education each year.,公認会計士は毎年継続的専門研修を修了する。,,verified,
306,AUD,contingent fee,成功報酬,Contingent fees are prohibited for audit clients.,監査クライアントからの成功報酬は禁止されている。,,verified,
307,AUD,internal audit function,内部監査機能,The auditor evaluated the internal audit function.,監査人は内部監査機能を評価した。,,verified,
308,AUD,litigation claims and assessments,訴訟・賠償請求等,Litigation claims and assessments were reviewed with counsel.,訴訟・賠償請求等は弁護士とともに検討された。,,verified,
309,AUD,haphazard selection,無作為的選択,Haphazard selection avoids intentional bias.,無作為的選択は意図的な偏りを避ける。,,verified,
310,AUD,going concern disclosure,継続企業の前提に関する開示,Going concern disclosures were included in the notes.,継続企業の前提に関する開示が注記に含まれた。,,verified,
311,REG,federal income tax,連邦所得税,Federal income tax is imposed on worldwide income.,連邦所得税は全世界所得に課される。,,verified,
312,REG,tax return,納税申告書,The tax return is due on April 15.,納税申告書の提出期限は4月15日である。,,verified,
313,REG,filing status,申告資格,Filing status affects the tax rates applied.,申告資格は適用される税率に影響する。,,verified,
314,REG,standard deduction,標準控除,The taxpayer claimed the standard deduction.,納税者は標準控除を選択した。,,verified,
315,REG,itemized deductions,項目別控除,Itemized deductions include mortgage interest.,項目別控除には住宅ローン利子が含まれる。,,verified,
316,REG,adjusted gross income,調整後総所得(AGI),Adjusted gross income is computed before deductions.,調整後総所得は各種控除の前に計算される。,,verified,
317,REG,gross income,総所得,Gross income includes wages and interest.,総所得には給与と利子が含まれる。,,verified,
318,REG,taxable income,課税所得,Taxable income equals AGI minus deductions.,課税所得はAGIから控除を差し引いた額である。,,verified,
319,REG,tax credit,税額控除,A tax credit reduces tax dollar for dollar.,税額控除は税額をそのまま減額する。,,verified,
320,REG,tax deduction,所得控除,A tax deduction reduces taxable income.,所得控除は課税所得を減少させる。,,verified,
321,REG,capital gain,譲渡益(キャピタル・ゲイン),The sale of stock produced a capital gain.,株式の売却により譲渡益が生じた。,,verified,
322,REG,capital loss,譲渡損失,Capital losses offset capital gains.,譲渡損失は譲渡益と相殺される。,,verified,
323,REG,short-term capital gain,短期譲渡益,Short-term capital gains are taxed at ordinary rates.,短期譲渡益は通常税率で課税される。,,verified,
324,REG,long-term capital gain,長期譲渡益,Long-term capital gains receive preferential rates.,長期譲渡益には優遇税率が適用される。,,verified,
325,REG,dividend income,配当所得,Dividend income is reported on the return.,配当所得は申告書で報告される。,,verified,
326,REG,interest income,利子所得,Interest income from bonds is taxable.,債券の利子所得は課税対象である。,,verified,
327,REG,rental income,賃貸所得,Rental income is reduced by related expenses.,賃貸所得は関連費用によって減額される。,,verified,
328,REG,passive activity,受動的活動,Rental real estate is generally a passive activity.,不動産賃貸は原則として受動的活動である。,,verified,
329,REG,withholding,源泉徴収,Income tax is collected through withholding.,所得税は源泉徴収により徴収される。,,verified,
330,REG,estimated tax,予定納税,Self-employed taxpayers make estimated tax payments.,自営業者は予定納税を行う。,,verified,
331,REG,tax basis,税務上の取得価額(ベーシス),The tax basis of the property is its cost.,その資産の税務上のベーシスは取得原価である。,,verified,
332,REG,depreciation recapture,減価償却の取戻し,Depreciation recapture is taxed as ordinary income.,減価償却の取戻しは通常所得として課税される。,,verified,
333,REG,like-kind exchange,同種資産の交換,Gain may be deferred in a like-kind exchange.,同種資産の交換では利得の課税が繰り延べられる。,,verified,
334,REG,net operating loss,純営業損失,The net operating loss was carried forward.,純営業損失は繰り越された。,,verified,
335,REG,carryforward,(欠損金などの)繰越,The unused credit is available as a carryforward.,未使用の税額控除は繰越が可能である。,,verified,
336,REG,carryback,(欠損金などの)繰戻し,A carryback applies the loss to prior years.,繰戻しは損失を過年度に適用する。,,verified,
337,REG,alternative minimum tax,代替ミニマム税,The alternative minimum tax limits certain benefits.,代替ミニマム税は一定の租税優遇を制限する。,,verified,
338,REG,estate tax,遺産税,The estate tax applies to large estates.,遺産税は大規模な遺産に課される。,,verified,
339,REG,gift tax,贈与税,The gift tax is imposed on the donor.,贈与税は贈与者に課される。,,verified,
340,REG,trust,信託,The assets were transferred to a trust.,資産は信託に移転された。,,verified,
341,REG,beneficiary,受益者,The beneficiary received a distribution from the trust.,受益者は信託から分配を受けた。,,verified,
342,REG,fiduciary,受託者,A fiduciary must act in the beneficiary's interest.,受託者は受益者の利益のために行動しなければならない。,,verified,
343,REG,C corporation,C法人,A C corporation pays tax at the entity level.,C法人は法人レベルで課税される。,,verified,
344,REG,S corporation,S法人,An S corporation passes income through to shareholders.,S法人の所得は株主に直接帰属する。,,verified,
345,REG,partnership,パートナーシップ,A partnership files an information return.,パートナーシップは情報申告書を提出する。,,verified,
346,REG,general partner,無限責任パートナー,A general partner has unlimited liability.,無限責任パートナーは無限責任を負う。,,verified,
347,REG,limited partner,有限責任パートナー,A limited partner's liability is limited to the investment.,有限責任パートナーの責任は出資額に限定される。,,verified,
348,REG,limited liability company (LLC),有限責任会社(LLC),An LLC combines limited liability with flexibility.,LLCは有限責任と柔軟性を併せ持つ。,,verified,
349,REG,sole proprietorship,個人事業,A sole proprietorship is not a separate entity.,個人事業は独立した事業体ではない。,,verified,
350,REG,distribution,(株主・組合員への)分配,The partnership made a cash distribution.,パートナーシップは現金分配を行った。,,verified,
351,REG,dividends-received deduction,受取配当控除,The corporation claimed the dividends-received deduction.,その法人は受取配当控除を適用した。,,verified,
352,REG,contract,契約,A valid contract requires mutual assent.,有効な契約には相互の合意が必要である。,,verified,
353,REG,offer,申込み,The offer was accepted without changes.,その申込みは変更なく承諾された。,,verified,
354,REG,acceptance,承諾,Acceptance creates a binding contract.,承諾により拘束力のある契約が成立する。,,verified,
355,REG,consideration,約因,Consideration is something of legal value.,約因とは法的価値のあるものをいう。,,verified,
356,REG,breach of contract,契約違反,The seller's delay was a breach of contract.,売主の遅延は契約違反であった。,,verified,
357,REG,damages,損害賠償,The buyer sued for damages.,買主は損害賠償を求めて提訴した。,,verified,
358,REG,specific performance,特定履行,Specific performance may be granted for unique goods.,特定履行は代替性のない物について認められ得る。,,verified,
359,REG,rescission,契約の取消し(解除),The contract was canceled by rescission.,その契約は取消しにより解消された。,,verified,
360,REG,misrepresentation,不実表示,The buyer relied on a misrepresentation.,買主は不実表示を信頼した。,,verified,
361,REG,duress,強迫,A contract signed under duress is voidable.,強迫の下で締結された契約は取消可能である。,,verified,
362,REG,undue influence,不当威圧,Undue influence makes the contract voidable.,不当威圧があると契約は取消可能となる。,,verified,
363,REG,capacity,行為能力,Minors lack full contractual capacity.,未成年者は完全な契約上の行為能力を欠く。,,verified,
364,REG,minor,未成年者,A minor may disaffirm the contract.,未成年者は契約を取り消すことができる。,,verified,
365,REG,void contract,無効な契約,An illegal agreement is a void contract.,違法な合意は無効な契約である。,,verified,
366,REG,voidable contract,取消可能な契約,A voidable contract can be canceled by one party.,取消可能な契約は一方当事者が取り消せる。,,verified,
367,REG,statute of frauds,詐欺防止法,Contracts for land require a writing under the statute of frauds.,土地の契約は詐欺防止法により書面が必要である。,,verified,
368,REG,parol evidence rule,口頭証拠排除原則,The parol evidence rule excludes prior oral statements.,口頭証拠排除原則は事前の口頭合意を排除する。,,verified,
369,REG,assignment,(権利の)譲渡,The right to payment was transferred by assignment.,支払を受ける権利は譲渡により移転した。,,verified,
370,REG,delegation,(義務の)委譲,Duties were transferred by delegation.,義務は委譲により移転された。,,verified,
371,REG,third-party beneficiary,第三者受益者,The insurance contract named a third-party beneficiary.,その保険契約は第三者受益者を指定した。,,verified,
372,REG,agency,代理,Agency allows one person to act for another.,代理により他人のために行為することができる。,,verified,
373,REG,principal,本人,The principal is bound by the agent's authorized acts.,本人は代理人の権限内の行為に拘束される。,,verified,
374,REG,agent,代理人,The agent signed the contract for the principal.,代理人は本人のために契約に署名した。,,verified,
375,REG,apparent authority,表見的権限(表見代理),Apparent authority arises from the principal's conduct.,表見的権限は本人の行動から生じる。,,verified,
376,REG,fiduciary duty,信認義務,An agent owes a fiduciary duty to the principal.,代理人は本人に対して信認義務を負う。,,verified,
377,REG,negligence,過失,Negligence requires a breach of duty of care.,過失には注意義務違反が必要である。,,verified,
378,REG,statute of limitations,出訴期限(時効),The claim was barred by the statute of limitations.,その請求は出訴期限により妨げられた。,,verified,
379,REG,negotiable instrument,流通証券,A check is a negotiable instrument.,小切手は流通証券である。,,verified,
380,REG,promissory note,約束手形,The borrower signed a promissory note.,借主は約束手形に署名した。,,verified,
381,REG,endorsement,裏書,The check was transferred by endorsement.,その小切手は裏書により譲渡された。,,verified,
382,REG,holder in due course,正当所持人,A holder in due course takes free of most defenses.,正当所持人は多くの抗弁の対抗を受けない。,,verified,
383,REG,secured transaction,担保付取引,The loan was structured as a secured transaction.,その貸付は担保付取引として組成された。,,verified,
384,REG,collateral,担保物,The equipment served as collateral.,その設備が担保物となった。,,verified,
385,REG,perfection,(担保権の)対抗要件の具備,Perfection was achieved by filing a financing statement.,担保権の対抗要件は登録書類の提出により具備された。,,verified,
386,REG,bankruptcy,破産,The debtor filed for bankruptcy.,債務者は破産を申し立てた。,,verified,
387,REG,debtor,債務者,The debtor listed all creditors in the petition.,債務者は申立書にすべての債権者を記載した。,,verified,
388,REG,creditor,債権者,Each creditor filed a claim.,各債権者は債権の届出を行った。,,verified,
389,REG,lien,リーエン(担保権・先取特権),The bank held a lien on the property.,銀行はその不動産にリーエンを有していた。,,verified,
390,REG,surety,保証人,The surety is liable if the debtor defaults.,債務者が不履行の場合は保証人が責任を負う。,,verified,
391,REG,registration statement,(証券の)登録届出書,The company filed a registration statement with the SEC.,当社はSECに登録届出書を提出した。,,verified,
392,REG,prospectus,目論見書,Investors received the prospectus before purchase.,投資家は購入前に目論見書を受け取った。,,verified,
393,REG,insider trading,インサイダー取引,Insider trading is prohibited by securities law.,インサイダー取引は証券法により禁止されている。,,verified,
394,REG,Internal Revenue Code,内国歳入法典,The Internal Revenue Code governs federal taxation.,内国歳入法典は連邦課税を規律する。,,verified,
395,REG,Internal Revenue Service (IRS),内国歳入庁(IRS),The IRS examined the taxpayer's return.,IRSは納税者の申告書を調査した。,,verified,
396,REG,tax audit,税務調査,The company was selected for a tax audit.,当社は税務調査の対象に選ばれた。,,verified,
397,REG,tax evasion,脱税,Tax evasion is a criminal offense.,脱税は犯罪である。,,verified,
398,REG,tax avoidance,節税(租税回避),Legal tax avoidance uses available deductions.,適法な節税は認められた控除を活用する。,,verified,
399,REG,penalty,加算税(ペナルティ),A penalty was imposed for late filing.,期限後申告に対して加算税が課された。,,verified,
400,REG,amended return,修正申告書,The taxpayer filed an amended return.,納税者は修正申告書を提出した。,,verified,
401,REG,extension,申告期限の延長,An extension gives more time to file.,期限延長により申告の時間が延びる。,,verified,
402,REG,dependent,扶養親族,The taxpayer claimed two dependents.,納税者は2人の扶養親族を申告した。,,verified,
403,REG,qualifying child,適格児童,A qualifying child must meet the age test.,適格児童は年齢要件を満たす必要がある。,,verified,
404,REG,head of household,特定世帯主,Head of household status offers lower rates.,特定世帯主の申告資格には低い税率が適用される。,,verified,
405,REG,married filing jointly,夫婦合算申告,The couple chose married filing jointly.,その夫婦は夫婦合算申告を選択した。,,verified,
406,REG,married filing separately,夫婦個別申告,Married filing separately may limit certain benefits.,夫婦個別申告では一定の優遇が制限され得る。,,verified,
407,REG,wages,給与,Wages are subject to withholding.,給与は源泉徴収の対象である。,,verified,
408,REG,self-employment income,自営業所得,Self-employment income is subject to self-employment tax.,自営業所得には自営業税が課される。,,verified,
409,REG,fringe benefits,付加給付(フリンジ・ベネフィット),Some fringe benefits are excluded from income.,一部の付加給付は所得から除外される。,,verified,
410,REG,alimony,離婚扶養料,The tax treatment of alimony depends on the agreement date.,離婚扶養料の課税関係は合意の時期による。,,verified,
411,REG,child support,養育費,Child support is not taxable to the recipient.,養育費は受取人において課税されない。,,verified,
412,REG,scholarship,奨学金,A scholarship for tuition may be tax-free.,授業料に充てる奨学金は非課税となり得る。,,verified,
413,REG,unemployment compensation,失業給付,Unemployment compensation is included in gross income.,失業給付は総所得に含まれる。,,verified,
414,REG,social security benefits,社会保障給付,A portion of social security benefits may be taxable.,社会保障給付の一部は課税対象となり得る。,,verified,
415,REG,municipal bond interest,地方債利子,Municipal bond interest is exempt from federal tax.,地方債利子は連邦税が非課税である。,,verified,
416,REG,casualty loss,災害損失,The casualty loss resulted from the flood.,その災害損失は洪水により生じた。,,verified,
417,REG,medical expenses,医療費,Medical expenses above the threshold are deductible.,一定額を超える医療費は控除できる。,,verified,
418,REG,mortgage interest,住宅ローン利子,Mortgage interest is an itemized deduction.,住宅ローン利子は項目別控除の対象である。,,verified,
419,REG,property tax,固定資産税,Property taxes were paid on the residence.,住宅に固定資産税が支払われた。,,verified,
420,REG,charitable deduction,寄付金控除,The donation qualified for a charitable deduction.,その寄付は寄付金控除の対象となった。,,verified,
421,REG,earned income credit,勤労所得税額控除,The earned income credit is refundable.,勤労所得税額控除は還付可能である。,,verified,
422,REG,child tax credit,児童税額控除,The family claimed the child tax credit.,その家族は児童税額控除を申告した。,,verified,
423,REG,foreign tax credit,外国税額控除,The foreign tax credit prevents double taxation.,外国税額控除は二重課税を防止する。,,verified,
424,REG,corporate formation,法人設立,No gain is recognized on a qualifying corporate formation.,要件を満たす法人設立では利得は認識されない。,,verified,
425,REG,boot,ブート(交換差金),Receiving boot may trigger gain recognition.,ブートの受領は利得の認識を生じさせ得る。,,verified,
426,REG,liquidation,清算,The corporation distributed assets in liquidation.,その法人は清算により資産を分配した。,,verified,
427,REG,reorganization,組織再編,A tax-free reorganization requires continuity of interest.,非課税の組織再編には持分の継続が必要である。,,verified,
428,REG,accumulated earnings tax,留保金課税,The accumulated earnings tax targets excessive retention.,留保金課税は過剰な内部留保を対象とする。,,verified,
429,REG,personal holding company,個人持株会社,A personal holding company is subject to an additional tax.,個人持株会社には追加の税が課される。,,verified,
430,REG,workers' compensation,労災補償,Workers' compensation benefits are excluded from income.,労災補償給付は所得から除外される。,,verified,
431,BAR,capital budgeting,設備投資の経済性計算(資本予算),Capital budgeting evaluates long-term investments.,資本予算は長期投資を評価する。,,verified,
432,BAR,net present value,正味現在価値(NPV),The project has a positive net present value.,そのプロジェクトの正味現在価値はプラスである。,,verified,
433,BAR,internal rate of return,内部収益率(IRR),The internal rate of return exceeds the hurdle rate.,内部収益率はハードル・レートを上回っている。,,verified,
434,BAR,payback period,回収期間,The payback period is three years.,回収期間は3年である。,,verified,
435,BAR,cost of capital,資本コスト,Projects must earn more than the cost of capital.,プロジェクトは資本コストを上回る収益を上げなければならない。,,verified,
436,BAR,cost of debt,負債コスト,The cost of debt reflects interest rates.,負債コストは金利を反映する。,,verified,
437,BAR,cost of equity,株主資本コスト,The cost of equity exceeds the cost of debt.,株主資本コストは負債コストより高い。,,verified,
438,BAR,weighted-average cost of capital,加重平均資本コスト(WACC),The WACC is used as the discount rate.,WACCは割引率として用いられる。,,verified,
439,BAR,leverage,レバレッジ,Higher leverage increases financial risk.,レバレッジが高いほど財務リスクは増大する。,,verified,
440,BAR,liquidity,流動性,Liquidity measures the ability to pay short-term debts.,流動性は短期債務の支払能力を測る。,,verified,
441,BAR,solvency,支払能力,Solvency concerns long-term financial stability.,支払能力は長期の財務健全性に関わる。,,verified,
442,BAR,current ratio,流動比率,The current ratio is current assets divided by current liabilities.,流動比率は流動資産を流動負債で割ったものである。,,verified,
443,BAR,quick ratio,当座比率,The quick ratio excludes inventory.,当座比率は棚卸資産を除外する。,,verified,
444,BAR,debt-to-equity ratio,負債資本比率,The debt-to-equity ratio measures leverage.,負債資本比率はレバレッジを測定する。,,verified,
445,BAR,inventory turnover,棚卸資産回転率,High inventory turnover indicates efficient sales.,高い棚卸資産回転率は効率的な販売を示す。,,verified,
446,BAR,receivables turnover,売上債権回転率,Receivables turnover shows collection efficiency.,売上債権回転率は回収の効率を示す。,,verified,
447,BAR,return on assets,総資産利益率(ROA),Return on assets measures asset efficiency.,ROAは資産の効率性を測定する。,,verified,
448,BAR,return on equity,自己資本利益率(ROE),Return on equity measures shareholder returns.,ROEは株主にとっての収益性を測定する。,,verified,
449,BAR,contribution margin,貢献利益,Contribution margin equals sales minus variable costs.,貢献利益は売上高から変動費を差し引いた額である。,,verified,
450,BAR,break-even point,損益分岐点,Sales reached the break-even point in May.,売上は5月に損益分岐点に達した。,,verified,
451,BAR,fixed costs,固定費,Rent is a typical fixed cost.,家賃は典型的な固定費である。,,verified,
452,BAR,variable costs,変動費,Variable costs change with production volume.,変動費は生産量に応じて変化する。,,verified,
453,BAR,mixed costs,準変動費,Utility costs are often mixed costs.,水道光熱費はしばしば準変動費である。,,verified,
454,BAR,relevant range,正常操業圏,Cost behavior holds within the relevant range.,原価の挙動は正常操業圏内で成立する。,,verified,
455,BAR,job order costing,個別原価計算,Custom products use job order costing.,受注生産品には個別原価計算が用いられる。,,verified,
456,BAR,process costing,総合原価計算,Mass production uses process costing.,大量生産には総合原価計算が用いられる。,,verified,
457,BAR,activity-based costing,活動基準原価計算(ABC),Activity-based costing assigns overhead by activities.,ABCは活動に基づいて間接費を配賦する。,,verified,
458,BAR,standard costing,標準原価計算,Standard costing compares actual and standard costs.,標準原価計算は実際原価と標準原価を比較する。,,verified,
459,BAR,manufacturing overhead,製造間接費,Manufacturing overhead is applied to products.,製造間接費は製品に配賦される。,,verified,
460,BAR,direct materials,直接材料費,Direct materials are traced to each product.,直接材料費は各製品に直課される。,,verified,
461,BAR,direct labor,直接労務費,Direct labor hours were used to apply overhead.,間接費の配賦には直接作業時間が用いられた。,,verified,
462,BAR,absorption costing,全部原価計算,Absorption costing includes fixed overhead in inventory.,全部原価計算では固定間接費が棚卸資産に含まれる。,,verified,
463,BAR,variable costing,直接原価計算,Variable costing treats fixed overhead as a period cost.,直接原価計算では固定間接費を期間原価として扱う。,,verified,
464,BAR,master budget,総合予算,The master budget covers the entire year.,総合予算は年度全体を対象とする。,,verified,
465,BAR,flexible budget,変動予算,A flexible budget adjusts for actual volume.,変動予算は実際の操業度に合わせて調整される。,,verified,
466,BAR,variance analysis,差異分析,Variance analysis explains budget deviations.,差異分析は予算との乖離を説明する。,,verified,
467,BAR,favorable variance,有利差異,Lower costs produced a favorable variance.,原価の低下により有利差異が生じた。,,verified,
468,BAR,unfavorable variance,不利差異,The price increase caused an unfavorable variance.,価格上昇により不利差異が生じた。,,verified,
469,BAR,balanced scorecard,バランスト・スコアカード,The balanced scorecard includes nonfinancial measures.,バランスト・スコアカードは非財務指標を含む。,,verified,
470,BAR,benchmarking,ベンチマーキング,Benchmarking compares performance with industry leaders.,ベンチマーキングは業界のリーダーと業績を比較する。,,verified,
471,BAR,economies of scale,規模の経済,Economies of scale lower unit costs.,規模の経済は単位当たりコストを下げる。,,verified,
472,BAR,supply and demand,需要と供給,Prices are determined by supply and demand.,価格は需要と供給によって決まる。,,verified,
473,BAR,elasticity,(需要の)弾力性,Demand elasticity measures sensitivity to price.,需要の弾力性は価格への感応度を測る。,,verified,
474,BAR,inflation,インフレーション,Inflation reduces purchasing power.,インフレーションは購買力を低下させる。,,verified,
475,BAR,gross domestic product,国内総生産(GDP),GDP measures total economic output.,GDPは経済全体の産出を測定する。,,verified,
476,BAR,monetary policy,金融政策,The central bank tightened monetary policy.,中央銀行は金融政策を引き締めた。,,verified,
477,BAR,fiscal policy,財政政策,Fiscal policy involves government spending and taxes.,財政政策は政府支出と税を扱う。,,verified,
478,BAR,business cycle,景気循環,The economy moves through the business cycle.,経済は景気循環を経て変動する。,,verified,
479,BAR,recession,景気後退,Demand fell during the recession.,景気後退の間に需要が減少した。,,verified,
480,BAR,working capital,運転資本,Working capital equals current assets minus current liabilities.,運転資本は流動資産から流動負債を差し引いた額である。,,verified,
481,BAR,regression analysis,回帰分析,Regression analysis estimates cost behavior.,回帰分析は原価の挙動を推定する。,,verified,
482,BAR,correlation,相関,A strong correlation was found between the variables.,変数間に強い相関が見られた。,,verified,
483,BAR,forecasting,予測,Sales forecasting supports budgeting.,売上予測は予算編成を支える。,,verified,
484,BAR,sensitivity analysis,感応度分析,Sensitivity analysis tests changes in assumptions.,感応度分析は前提条件の変化を検証する。,,verified,
485,BAR,scenario analysis,シナリオ分析,Scenario analysis considers multiple outcomes.,シナリオ分析は複数の結果を検討する。,,verified,
486,BAR,discounted cash flow,割引キャッシュ・フロー,The valuation used a discounted cash flow model.,その評価には割引キャッシュ・フロー・モデルが用いられた。,,verified,
487,BAR,free cash flow,フリー・キャッシュ・フロー,Free cash flow is available to investors.,フリー・キャッシュ・フローは投資家に帰属する。,,verified,
488,BAR,terminal value,継続価値(ターミナル・バリュー),Terminal value captures cash flows beyond the forecast.,継続価値は予測期間後のキャッシュ・フローを表す。,,verified,
489,BAR,hurdle rate,ハードル・レート(最低要求収益率),Projects below the hurdle rate are rejected.,ハードル・レートを下回るプロジェクトは棄却される。,,verified,
490,BAR,profitability index,収益性指数,The profitability index ranks competing projects.,収益性指数は競合するプロジェクトを順位づける。,,verified,
491,BAR,opportunity cost,機会費用,Opportunity cost is the benefit of the next best alternative.,機会費用は次善の選択肢から得られたはずの便益である。,,verified,
492,BAR,sunk cost,埋没原価,Sunk costs are irrelevant to future decisions.,埋没原価は将来の意思決定に無関連である。,,verified,
493,BAR,relevant cost,関連原価,Only relevant costs affect the decision.,意思決定に影響するのは関連原価のみである。,,verified,
494,BAR,incremental cost,増分原価,The incremental cost of the order was low.,その注文の増分原価は低かった。,,verified,
495,BAR,avoidable cost,回避可能原価,Avoidable costs disappear if the segment is dropped.,回避可能原価は事業部門の廃止により消滅する。,,verified,
496,BAR,make-or-buy decision,自製か購入かの意思決定,The make-or-buy decision compared internal and external costs.,自製か購入かの意思決定では内外の原価が比較された。,,verified,
497,BAR,transfer pricing,振替価格,Transfer pricing affects divisional profits.,振替価格は事業部利益に影響する。,,verified,
498,BAR,target costing,原価企画(目標原価計算),Target costing starts from the market price.,原価企画は市場価格から出発する。,,verified,
499,BAR,residual income,残余利益,Residual income deducts a capital charge from profit.,残余利益は利益から資本コスト相当額を控除する。,,verified,
500,BAR,economic value added,経済的付加価値(EVA),Economic value added measures value creation.,EVAは価値創造を測定する。,,verified,
501,BAR,horizontal analysis,趨勢分析(水平分析),Horizontal analysis compares amounts across years.,水平分析は金額を年度間で比較する。,,verified,
502,BAR,vertical analysis,構成比分析(垂直分析),Vertical analysis expresses items as percentages of sales.,垂直分析は各項目を売上高に対する比率で表す。,,verified,
503,BAR,common-size financial statements,百分率財務諸表,Common-size statements aid comparison between firms.,百分率財務諸表は企業間比較に役立つ。,,verified,
504,BAR,ratio analysis,財務比率分析,Ratio analysis summarizes financial performance.,財務比率分析は財務業績を要約する。,,verified,
505,BAR,key performance indicator,重要業績評価指標(KPI),Each division reports its key performance indicators.,各事業部は重要業績評価指標を報告する。,,verified,
506,BAR,value chain,価値連鎖(バリュー・チェーン),The value chain covers design through customer service.,バリュー・チェーンは設計から顧客サービスまでを含む。,,verified,
507,BAR,just-in-time,ジャスト・イン・タイム,Just-in-time reduces inventory levels.,ジャスト・イン・タイムは在庫水準を削減する。,,verified,
508,BAR,total quality management,総合的品質管理,Total quality management focuses on continuous improvement.,総合的品質管理は継続的改善に焦点を当てる。,,verified,
509,BAR,corporate governance,コーポレート・ガバナンス,Strong corporate governance protects shareholders.,健全なコーポレート・ガバナンスは株主を保護する。,,verified,
510,BAR,board of directors,取締役会,The board of directors approved the budget.,取締役会は予算を承認した。,,verified,
511,ISC,information systems,情報システム,Information systems support financial reporting.,情報システムは財務報告を支える。,,verified,
512,ISC,internal control over financial reporting,財務報告に係る内部統制,Management assesses internal control over financial reporting.,経営者は財務報告に係る内部統制を評価する。,,verified,
513,ISC,COSO framework,COSOフレームワーク,The COSO framework has five components.,COSOフレームワークは5つの構成要素からなる。,,verified,
514,ISC,enterprise risk management,全社的リスク管理(ERM),Enterprise risk management addresses risks across the organization.,ERMは組織全体のリスクを扱う。,,verified,
515,ISC,access control,アクセス制御,Access controls restrict who can view the data.,アクセス制御はデータを閲覧できる者を制限する。,,verified,
516,ISC,encryption,暗号化,Sensitive data is protected by encryption.,機密データは暗号化により保護される。,,verified,
517,ISC,firewall,ファイアウォール,The firewall blocks unauthorized network traffic.,ファイアウォールは不正な通信を遮断する。,,verified,
518,ISC,authentication,認証,Authentication verifies the user's identity.,認証は利用者の身元を確認する。,,verified,
519,ISC,authorization,(システムの)権限付与,Authorization determines what each user can do.,権限付与は各利用者ができる操作を決める。,,verified,
520,ISC,backup,バックアップ,Backups are performed every night.,バックアップは毎晩実行される。,,verified,
521,ISC,disaster recovery plan,災害復旧計画,The disaster recovery plan was tested last quarter.,災害復旧計画は前四半期にテストされた。,,verified,
522,ISC,business continuity plan,事業継続計画(BCP),The business continuity plan keeps operations running.,事業継続計画は業務の継続を確保する。,,verified,
523,ISC,data integrity,データ完全性,Validation checks protect data integrity.,検証チェックはデータ完全性を守る。,,verified,
524,ISC,confidentiality,機密性,Confidentiality prevents unauthorized disclosure.,機密性は不正な開示を防止する。,,verified,
525,ISC,availability,可用性,Availability ensures systems are accessible when needed.,可用性は必要時にシステムを利用できることを保証する。,,verified,
526,ISC,change management,変更管理,Program changes follow the change management process.,プログラムの変更は変更管理プロセスに従う。,,verified,
527,ISC,IT general controls,IT全般統制,IT general controls support application controls.,IT全般統制は業務処理統制を支える。,,verified,
528,ISC,application controls,業務処理統制(アプリケーション統制),Application controls check individual transactions.,業務処理統制は個々の取引をチェックする。,,verified,
529,ISC,cybersecurity,サイバーセキュリティ,Cybersecurity protects systems from attacks.,サイバーセキュリティは攻撃からシステムを守る。,,verified,
530,ISC,phishing,フィッシング,Employees were trained to recognize phishing emails.,従業員はフィッシング・メールを見分ける訓練を受けた。,,verified,
531,ISC,audit trail,監査証跡,The audit trail records every change to the data.,監査証跡はデータへのすべての変更を記録する。,,verified,
532,ISC,System and Organization Controls (SOC) report,SOC報告書,The service provider issued a SOC report.,サービス提供者はSOC報告書を発行した。,,verified,
533,ISC,logical access,論理的アクセス,Logical access is controlled with user IDs.,論理的アクセスはユーザーIDで管理される。,,verified,
534,ISC,physical access controls,物理的アクセス管理,Physical access controls protect the data center.,物理的アクセス管理はデータセンターを保護する。,,verified,
535,ISC,multi-factor authentication,多要素認証,Multi-factor authentication adds a second verification step.,多要素認証は第二の確認手順を追加する。,,verified,
536,ISC,password policy,パスワード・ポリシー,The password policy requires regular updates.,パスワード・ポリシーは定期的な更新を求める。,,verified,
537,ISC,privileged access,特権アクセス,Privileged access is limited to administrators.,特権アクセスは管理者に限定される。,,verified,
538,ISC,patch management,パッチ管理,Patch management fixes known vulnerabilities.,パッチ管理は既知の脆弱性を修正する。,,verified,
539,ISC,vulnerability assessment,脆弱性評価,A vulnerability assessment was performed on the network.,ネットワークの脆弱性評価が実施された。,,verified,
540,ISC,penetration testing,ペネトレーション・テスト(侵入テスト),Penetration testing simulates real attacks.,侵入テストは実際の攻撃を模擬する。,,verified,
541,ISC,intrusion detection system,侵入検知システム,The intrusion detection system flagged unusual activity.,侵入検知システムが異常な動きを検知した。,,verified,
542,ISC,malware,マルウェア,Malware was found on the workstation.,その端末でマルウェアが発見された。,,verified,
543,ISC,ransomware,ランサムウェア,Ransomware encrypts files and demands payment.,ランサムウェアはファイルを暗号化し支払を要求する。,,verified,
544,ISC,social engineering,ソーシャル・エンジニアリング,Social engineering exploits human trust.,ソーシャル・エンジニアリングは人の信頼につけ込む。,,verified,
545,ISC,denial-of-service attack,サービス妨害攻撃(DoS攻撃),The denial-of-service attack overwhelmed the server.,DoS攻撃によりサーバーが過負荷になった。,,verified,
546,ISC,data breach,データ漏えい,The data breach exposed customer records.,データ漏えいにより顧客記録が流出した。,,verified,
547,ISC,incident response,インシデント対応,The incident response plan assigns clear roles.,インシデント対応計画は明確な役割を定める。,,verified,
548,ISC,cloud computing,クラウド・コンピューティング,The company moved its systems to cloud computing.,当社はシステムをクラウドに移行した。,,verified,
549,ISC,software as a service (SaaS),SaaS(サービスとしてのソフトウェア),The accounting system is provided as SaaS.,その会計システムはSaaSとして提供されている。,,verified,
550,ISC,outsourcing,外部委託,Payroll processing was outsourced to a vendor.,給与計算は外部業者に委託された。,,verified,
551,ISC,service organization,受託会社,The service organization processes transactions for clients.,受託会社は顧客のために取引を処理する。,,verified,
552,ISC,batch processing,バッチ処理,Payroll runs use batch processing.,給与計算はバッチ処理で実行される。,,verified,
553,ISC,real-time processing,リアルタイム処理,Online sales use real-time processing.,オンライン販売はリアルタイム処理を用いる。,,verified,
554,ISC,database management system,データベース管理システム,The database management system stores transaction data.,データベース管理システムは取引データを保存する。,,verified,
555,ISC,data warehouse,データウェアハウス,The data warehouse supports management reporting.,データウェアハウスは経営報告を支える。,,verified,
556,ISC,data analytics,データ分析,Data analytics identified unusual journal entries.,データ分析により異常な仕訳が特定された。,,verified,
557,ISC,artificial intelligence,人工知能(AI),Artificial intelligence assists with document review.,AIは文書レビューを支援する。,,verified,
558,ISC,robotic process automation (RPA),RPA(ロボティック・プロセス・オートメーション),RPA automates repetitive tasks.,RPAは反復作業を自動化する。,,verified,
559,ISC,blockchain,ブロックチェーン,Blockchain creates a shared transaction record.,ブロックチェーンは共有された取引記録を作る。,,verified,
560,ISC,electronic data interchange (EDI),電子データ交換(EDI),Orders are exchanged with suppliers through EDI.,注文はEDIを通じて仕入先とやり取りされる。,,verified,
561,TCP,tax planning,タックス・プランニング(税務計画),Tax planning arranges affairs to reduce taxes legally.,タックス・プランニングは適法に税負担を軽減するよう物事を整える。,,verified,
562,TCP,gift tax exclusion,贈与税の年間非課税枠,Gifts within the annual exclusion are not taxed.,年間非課税枠内の贈与には課税されない。,,verified,
563,TCP,qualified retirement plan,適格退職年金制度,Contributions to a qualified retirement plan are deductible.,適格退職年金制度への拠出は控除できる。,,verified,
564,TCP,individual retirement account (IRA),個人退職勘定(IRA),The taxpayer contributed to an IRA.,納税者はIRAに拠出した。,,verified,
565,TCP,traditional IRA,伝統的IRA(税引前拠出型),Traditional IRA contributions may be deductible.,伝統的IRAへの拠出は控除できる場合がある。,,verified,
566,TCP,Roth IRA,ロスIRA(税引後拠出型),Qualified Roth IRA withdrawals are tax-free.,ロスIRAからの適格な引出しは非課税である。,,verified,
567,TCP,rollover,(退職資金の)移管(ロールオーバー),The funds were moved by a direct rollover.,資金は直接ロールオーバーにより移管された。,,verified,
568,TCP,required minimum distribution,最低引出義務額(RMD),Required minimum distributions begin at the specified age.,最低引出義務額の引出しは所定の年齢から始まる。,,verified,
569,TCP,deferred compensation,繰延報酬,Deferred compensation is taxed when received.,繰延報酬は受領時に課税される。,,verified,
570,TCP,stock option,ストック・オプション,The employee exercised the stock options.,その従業員はストック・オプションを行使した。,,verified,
571,TCP,charitable contribution,慈善寄付,The charitable contribution was made in December.,慈善寄付は12月に行われた。,,verified,
572,TCP,tax-exempt organization,非課税団体,The charity qualifies as a tax-exempt organization.,その慈善団体は非課税団体に該当する。,,verified,
573,TCP,estimated tax payments,予定納税額の納付,Estimated tax payments are made quarterly.,予定納税は四半期ごとに納付される。,,verified,
574,TCP,passive income,受動的所得,Passive income includes rental earnings.,受動的所得には賃貸収入が含まれる。,,verified,
575,TCP,ordinary income,通常所得,Wages are taxed as ordinary income.,給与は通常所得として課税される。,,verified,
576,TCP,tax bracket,税率区分,The bonus pushed the taxpayer into a higher tax bracket.,賞与により納税者はより高い税率区分に入った。,,verified,
577,TCP,marginal tax rate,限界税率,The marginal tax rate applies to the next dollar earned.,限界税率は追加的な所得に適用される。,,verified,
578,TCP,effective tax rate,実効税率,The effective tax rate is total tax divided by income.,実効税率は税額合計を所得で割ったものである。,,verified,
579,TCP,gross estate,総遺産,The gross estate includes all property owned at death.,総遺産には死亡時に保有していたすべての財産が含まれる。,,verified,
580,TCP,taxable estate,課税遺産,The taxable estate is the gross estate less deductions.,課税遺産は総遺産から控除を差し引いた額である。,,verified,
581,TCP,unified credit,統一移転税額控除,The unified credit offsets estate and gift taxes.,統一移転税額控除は遺産税と贈与税を相殺する。,,verified,
582,TCP,marital deduction,配偶者控除(遺産・贈与税),The marital deduction allows unlimited transfers to a spouse.,配偶者控除により配偶者への移転は無制限に控除される。,,verified,
583,TCP,generation-skipping transfer tax,世代飛越移転税,The generation-skipping transfer tax applies to gifts to grandchildren.,世代飛越移転税は孫への贈与などに適用される。,,verified,
584,TCP,grantor,(信託の)委託者,The grantor transferred assets into the trust.,委託者は信託に資産を移転した。,,verified,
585,TCP,revocable trust,撤回可能信託,A revocable trust can be changed by the grantor.,撤回可能信託は委託者が変更できる。,,verified,
586,TCP,irrevocable trust,撤回不能信託,An irrevocable trust generally cannot be amended.,撤回不能信託は原則として変更できない。,,verified,
587,TCP,simple trust,単純信託,A simple trust must distribute all its income.,単純信託はすべての収益を分配しなければならない。,,verified,
588,TCP,complex trust,複合信託,A complex trust may accumulate income.,複合信託は収益を留保できる。,,verified,
589,TCP,distributable net income,分配可能純利益(DNI),Distributable net income limits the distribution deduction.,DNIは分配控除の上限となる。,,verified,
590,TCP,qualified dividend,適格配当,Qualified dividends are taxed at capital gain rates.,適格配当は譲渡益と同じ税率で課税される。,,verified,
591,TCP,net investment income tax,純投資所得税,High earners may owe the net investment income tax.,高所得者には純投資所得税が課され得る。,,verified,
592,TCP,wash sale,ウォッシュ・セール(買戻しによる損失否認),The loss was disallowed under the wash sale rules.,その損失はウォッシュ・セール・ルールにより否認された。,,verified,
593,TCP,worthless securities,無価値化した有価証券,Worthless securities are treated as sold at year-end.,無価値化した有価証券は期末に売却されたものとして扱われる。,,verified,
594,TCP,home sale exclusion,自宅売却益の非課税特例,The home sale exclusion sheltered the gain.,自宅売却益の非課税特例により利得は課税されなかった。,,verified,
595,TCP,installment sale,割賦販売(税務),Gain is spread over the years in an installment sale.,割賦販売では利得が複数年に配分される。,,verified,
596,TCP,involuntary conversion,非自発的転換(収用等),Gain from an involuntary conversion may be deferred.,非自発的転換による利得は課税繰延べが可能である。,,verified,
597,TCP,Section 1231 property,1231条資産(事業用資産),Section 1231 property includes business real estate.,1231条資産には事業用不動産が含まれる。,,verified,
598,TCP,at-risk rules,リスク負担額ルール,The at-risk rules limit deductible losses.,リスク負担額ルールは控除できる損失を制限する。,,verified,
599,TCP,passive activity loss,受動的活動損失,Passive activity losses offset only passive income.,受動的活動損失は受動的所得としか相殺できない。,,verified,
600,TCP,material participation,実質的関与,Material participation makes the activity nonpassive.,実質的関与があれば活動は受動的でなくなる。,,verified,
601,TCP,partnership interest,パートナーシップ持分,The partner sold her partnership interest.,そのパートナーはパートナーシップ持分を売却した。,,verified,
602,TCP,guaranteed payments,(パートナーへの)保証支払,Guaranteed payments are made regardless of profits.,保証支払は損益にかかわらず行われる。,,verified,
603,TCP,basis adjustment,ベーシスの調整,Distributions require a basis adjustment.,分配があるとベーシスの調整が必要となる。,,verified,
604,TCP,health savings account (HSA),医療貯蓄口座(HSA),Contributions to an HSA are deductible.,HSAへの拠出は控除できる。,,verified,
605,TCP,529 plan,529プラン(教育資金積立制度),A 529 plan saves for education expenses.,529プランは教育費のための積立制度である。,,verified,
606,TCP,kiddie tax,未成年者投資所得課税(キディ・タックス),The kiddie tax applies to a child's investment income.,キディ・タックスは子どもの投資所得に適用される。,,verified,
607,TCP,foreign earned income exclusion,国外勤労所得の非課税措置,The expatriate claimed the foreign earned income exclusion.,その海外駐在員は国外勤労所得の非課税措置を適用した。,,verified,
608,TCP,tax year,課税年度,Most individuals use the calendar tax year.,ほとんどの個人は暦年を課税年度とする。,,verified,
609,TCP,accrual method (tax),(税務上の)発生主義,Large corporations must use the accrual method.,大法人は発生主義の使用が義務づけられる。,,verified,
610,TCP,cash method (tax),(税務上の)現金主義,Small businesses often use the cash method.,小規模事業者は現金主義を用いることが多い。,,verified,
611,FAR,current portion of long-term debt,1年内返済予定の長期負債,The current portion of long-term debt is reclassified each year.,1年内返済予定の長期負債は毎年振り替えられる。,,verified,
612,FAR,income tax payable,未払法人税等,Income tax payable is settled after year-end.,未払法人税等は期末後に納付される。,,verified,
613,FAR,dividends payable,未払配当金,Dividends payable arise when dividends are declared.,未払配当金は配当宣言時に生じる。,,verified,
614,FAR,accounting equation,会計等式,The accounting equation states that assets equal liabilities plus equity.,会計等式は資産が負債と資本の合計に等しいことを示す。,,verified,
615,FAR,posting,転記,Journal entries are posted to the ledger.,仕訳は元帳に転記される。,,verified,
616,FAR,worksheet,精算表,The worksheet organizes the adjusting process.,精算表は決算整理の過程を整理する。,,verified,
617,FAR,reversing entries,再振替仕訳,Reversing entries are made at the start of the period.,再振替仕訳は期首に行われる。,,verified,
618,FAR,permanent accounts,実在勘定,Permanent accounts carry balances into the next period.,実在勘定の残高は次期に繰り越される。,,verified,
619,FAR,temporary accounts,名目勘定,Temporary accounts are closed at year-end.,名目勘定は期末に締め切られる。,,verified,
620,FAR,normal balance,正常残高,The normal balance of an asset is a debit.,資産の正常残高は借方である。,,verified,
621,FAR,source documents,原始証憑,Source documents support each journal entry.,原始証憑は各仕訳を裏付ける。,,verified,
622,FAR,invoice,請求書(送り状),The invoice shows the amount due.,請求書は支払額を示す。,,verified,
623,FAR,purchase order,注文書,A purchase order was issued to the supplier.,仕入先に注文書が発行された。,,verified,
624,FAR,receiving report,検収報告書,The receiving report confirms the goods arrived.,検収報告書は商品の到着を確認する。,,verified,
625,FAR,credit memo,貸方票(値引・返品通知),A credit memo was issued for the returned goods.,返品に対して貸方票が発行された。,,verified,
626,FAR,NSF check,不渡小切手,The NSF check was returned by the bank.,不渡小切手が銀行から返却された。,,verified,
627,FAR,bank service charge,銀行手数料,Bank service charges appear on the statement.,銀行手数料は取引明細書に表示される。,,verified,
628,FAR,aging of receivables,売上債権の年齢分析,The aging of receivables estimates uncollectible amounts.,売上債権の年齢分析は回収不能額を見積もる。,,verified,
629,FAR,percentage of sales method,売上高比率法,Bad debts were estimated by the percentage of sales method.,貸倒れは売上高比率法で見積もられた。,,verified,
630,FAR,direct write-off method,直接償却法,The direct write-off method is not GAAP for material amounts.,直接償却法は金額が重要な場合はGAAPに反する。,,verified,
631,FAR,cash discount,現金割引,A cash discount encourages early payment.,現金割引は早期の支払を促す。,,verified,
632,FAR,trade discount,数量値引(取引割引),Trade discounts are deducted before recording sales.,取引割引は売上計上前に控除される。,,verified,
633,FAR,moving average method,移動平均法,The moving average method updates unit cost after each purchase.,移動平均法は仕入の都度単価を更新する。,,verified,
634,FAR,LIFO reserve,LIFO評価差額(LIFOリザーブ),The LIFO reserve reconciles LIFO and FIFO inventory.,LIFOリザーブはLIFOとFIFOの棚卸資産を調整する。,,verified,
635,FAR,LIFO liquidation,LIFO層の食い込み(LIFO清算),A LIFO liquidation released old low-cost layers.,LIFO清算により古い低原価の層が払い出された。,,verified,
636,FAR,purchase commitments,仕入契約(購入予約),Losses on purchase commitments are recognized when probable.,仕入契約の損失は発生の可能性が高い場合に認識される。,,verified,
637,FAR,capitalized interest,利息の資産化(資本化利息),Interest was capitalized during construction.,建設期間中の利息は資産化された。,,verified,
638,FAR,nonmonetary exchange,非貨幣性資産の交換,The trucks were traded in a nonmonetary exchange.,トラックは非貨幣性資産の交換で取引された。,,verified,
639,FAR,commercial substance,経済的実質,The exchange had commercial substance.,その交換取引には経済的実質があった。,,verified,
640,FAR,goodwill impairment,のれんの減損,A goodwill impairment loss was recognized.,のれんの減損損失が認識された。,,verified,
641,FAR,indefinite-lived intangible asset,耐用年数を確定できない無形資産,Indefinite-lived intangibles are tested annually for impairment.,耐用年数を確定できない無形資産は毎年減損テストを受ける。,,verified,
642,FAR,internally developed software,自社開発ソフトウェア,Certain costs of internally developed software are capitalized.,自社開発ソフトウェアの一定の原価は資産計上される。,,verified,
643,FAR,significant influence,重要な影響力,Significant influence is presumed at 20 percent ownership.,重要な影響力は20パーセントの持分で推定される。,,verified,
644,FAR,variable interest entity,変動持分事業体(VIE),The variable interest entity was consolidated.,その変動持分事業体は連結された。,,verified,
645,FAR,primary beneficiary,主たる受益者,The primary beneficiary consolidates the VIE.,主たる受益者はVIEを連結する。,,verified,
646,FAR,functional currency,機能通貨,The subsidiary's functional currency is the euro.,その子会社の機能通貨はユーロである。,,verified,
647,FAR,reporting currency,報告通貨,The reporting currency of the group is the dollar.,グループの報告通貨はドルである。,,verified,
648,FAR,remeasurement,(外貨の)再測定,Remeasurement gains are reported in net income.,再測定による利得は純利益に計上される。,,verified,
649,FAR,translation adjustment,為替換算調整額,The translation adjustment is reported in OCI.,為替換算調整額はその他の包括利益に計上される。,,verified,
650,FAR,forward contract,先渡契約,A forward contract fixes the future exchange rate.,先渡契約は将来の為替レートを固定する。,,verified,
651,FAR,futures contract,先物契約,Futures contracts are traded on exchanges.,先物契約は取引所で売買される。,,verified,
652,FAR,option contract,オプション契約,An option contract gives the right but not the obligation.,オプション契約は義務ではなく権利を与える。,,verified,
653,FAR,swap,スワップ,The company entered into an interest rate swap.,当社は金利スワップ契約を締結した。,,verified,
654,FAR,fair value hedge,公正価値ヘッジ,A fair value hedge offsets changes in asset values.,公正価値ヘッジは資産価値の変動を相殺する。,,verified,
655,FAR,cash flow hedge,キャッシュ・フロー・ヘッジ,Gains on a cash flow hedge are deferred in OCI.,キャッシュ・フロー・ヘッジの利得はOCIで繰り延べられる。,,verified,
656,FAR,notional amount,想定元本,The swap has a notional amount of one million dollars.,そのスワップの想定元本は100万ドルである。,,verified,
657,FAR,embedded derivative,組込デリバティブ,The contract contained an embedded derivative.,その契約には組込デリバティブが含まれていた。,,verified,
658,FAR,fair value hierarchy,公正価値ヒエラルキー,The fair value hierarchy has three levels.,公正価値ヒエラルキーは3つのレベルからなる。,,verified,
659,FAR,exit price,出口価格,Fair value is based on the exit price.,公正価値は出口価格に基づく。,,verified,
660,FAR,principal market,主要な市場,Fair value assumes a sale in the principal market.,公正価値は主要な市場での売却を想定する。,,verified,
661,FAR,highest and best use,最有効使用,Nonfinancial assets are valued at their highest and best use.,非金融資産は最有効使用を前提に評価される。,,verified,
662,FAR,operating segment,事業セグメント,Each operating segment has discrete financial information.,各事業セグメントは区分された財務情報を有する。,,verified,
663,FAR,reportable segment,報告セグメント,A reportable segment meets a quantitative threshold.,報告セグメントは量的基準を満たす。,,verified,
664,FAR,chief operating decision maker,最高経営意思決定者,Segments are based on the chief operating decision maker's view.,セグメントは最高経営意思決定者の視点に基づく。,,verified,
665,FAR,basic earnings per share,基本的1株当たり利益,Basic earnings per share ignores dilutive securities.,基本的1株当たり利益は希薄化証券を考慮しない。,,verified,
666,FAR,weighted-average shares outstanding,加重平均発行済株式数,EPS uses weighted-average shares outstanding.,1株当たり利益は加重平均発行済株式数を用いる。,,verified,
667,FAR,antidilutive,逆希薄化効果のある,Antidilutive securities are excluded from diluted EPS.,逆希薄化効果のある証券は希薄化後EPSから除外される。,,verified,
668,FAR,treasury stock method,自己株式方式,Options are included using the treasury stock method.,オプションは自己株式方式で計算に含められる。,,verified,
669,FAR,if-converted method,転換仮定方式,Convertible bonds are tested with the if-converted method.,転換社債は転換仮定方式で検討される。,,verified,
670,FAR,share-based payment,株式報酬,Share-based payment is measured at grant-date fair value.,株式報酬は付与日の公正価値で測定される。,,verified,
671,FAR,grant date,付与日,The options were valued at the grant date.,オプションは付与日に評価された。,,verified,
672,FAR,vesting period,権利確定期間,Compensation cost is recognized over the vesting period.,報酬費用は権利確定期間にわたり認識される。,,verified,
673,FAR,compensation expense,報酬費用,Compensation expense was recorded for the stock awards.,株式報酬について報酬費用が計上された。,,verified,
674,FAR,par value,額面価額,The stock has a par value of one dollar.,その株式の額面価額は1ドルである。,,verified,
675,FAR,appropriation of retained earnings,利益剰余金の処分,An appropriation of retained earnings restricts dividends.,利益剰余金の処分は配当を制限する。,,verified,
676,FAR,deficit,欠損金,Years of losses produced a deficit.,長年の損失により欠損金が生じた。,,verified,
677,FAR,property dividend,現物配当,The property dividend was recorded at fair value.,現物配当は公正価値で記録された。,,verified,
678,FAR,cumulative preferred stock,累積的優先株式,Dividends in arrears attach to cumulative preferred stock.,累積的優先株式には未払配当が累積する。,,verified,
679,FAR,book value per share,1株当たり純資産,Book value per share is equity divided by shares outstanding.,1株当たり純資産は資本を発行済株式数で割ったものである。,,verified,
680,FAR,projected benefit obligation,予測給付債務,The projected benefit obligation reflects future salary increases.,予測給付債務は将来の昇給を反映する。,,verified,
681,FAR,plan assets,年金資産,Plan assets are measured at fair value.,年金資産は公正価値で測定される。,,verified,
682,FAR,service cost,勤務費用,Service cost increases the pension obligation.,勤務費用は年金債務を増加させる。,,verified,
683,FAR,interest cost,利息費用,Interest cost accrues on the benefit obligation.,利息費用は給付債務に対して発生する。,,verified,
684,FAR,prior service cost,過去勤務費用,The plan amendment created prior service cost.,制度改訂により過去勤務費用が生じた。,,verified,
685,FAR,actuarial gains and losses,数理計算上の差異,Actuarial gains and losses arise from changed assumptions.,数理計算上の差異は前提条件の変更から生じる。,,verified,
686,FAR,funded status,(年金の)積立状況,The funded status is reported on the balance sheet.,積立状況は貸借対照表で報告される。,,verified,
687,FAR,postretirement benefits,退職後給付,Postretirement benefits include retiree health care.,退職後給付には退職者医療給付が含まれる。,,verified,
688,FAR,compensated absences,補償付休暇(有給休暇),A liability is accrued for compensated absences.,補償付休暇について負債が計上される。,,verified,
689,FAR,sales-type lease,販売型リース,The manufacturer recorded a sales-type lease.,メーカーは販売型リースを計上した。,,verified,
690,FAR,direct financing lease,直接金融リース,A direct financing lease earns interest income only.,直接金融リースでは利息収益のみが生じる。,,verified,
691,FAR,lessor,貸手,The lessor owns the leased asset.,貸手はリース資産を所有する。,,verified,
692,FAR,lessee,借手,The lessee recognizes a right-of-use asset.,借手は使用権資産を認識する。,,verified,
693,FAR,lease term,リース期間,The lease term includes renewal options likely to be exercised.,リース期間には行使が合理的に確実な更新オプションが含まれる。,,verified,
694,FAR,bargain purchase option,割安購入選択権,The bargain purchase option makes the lease a finance lease.,割安購入選択権があるとリースはファイナンス・リースとなる。,,verified,
695,FAR,residual value guarantee,残価保証,The lessee provided a residual value guarantee.,借手は残価保証を提供した。,,verified,
696,FAR,short-term lease,短期リース,Short-term leases may be expensed directly.,短期リースは直接費用処理できる。,,verified,
697,FAR,valuation allowance,(繰延税金資産の)評価性引当額,A valuation allowance reduces the deferred tax asset.,評価性引当額は繰延税金資産を減額する。,,verified,
698,FAR,intraperiod tax allocation,期間内税金配分,Intraperiod tax allocation assigns tax to income components.,期間内税金配分は税金を損益の各区分に配分する。,,verified,
699,FAR,income from continuing operations,継続事業からの利益,Income from continuing operations excludes discontinued items.,継続事業からの利益は非継続事業を除外する。,,verified,
700,FAR,multiple-step income statement,区分式損益計算書,The multiple-step income statement shows gross profit separately.,区分式損益計算書は売上総利益を区分表示する。,,verified,
701,FAR,single-step income statement,単一区分式損益計算書,The single-step income statement groups all revenues together.,単一区分式損益計算書はすべての収益を一括表示する。,,verified,
702,FAR,operating activities,営業活動,Cash from operating activities was positive.,営業活動によるキャッシュ・フローはプラスだった。,,verified,
703,FAR,investing activities,投資活動,Equipment purchases are investing activities.,設備の購入は投資活動である。,,verified,
704,FAR,financing activities,財務活動,Issuing bonds is a financing activity.,社債の発行は財務活動である。,,verified,
705,FAR,direct method,(キャッシュ・フローの)直接法,The direct method lists cash receipts and payments.,直接法は収入と支出を直接表示する。,,verified,
706,FAR,indirect method,(キャッシュ・フローの)間接法,The indirect method starts with net income.,間接法は純利益から出発する。,,verified,
707,FAR,noncash transactions,非資金取引,Noncash transactions are disclosed separately.,非資金取引は別途開示される。,,verified,
708,FAR,generally accepted accounting principles (GAAP),一般に公正妥当と認められる会計原則(GAAP),The statements were prepared in accordance with GAAP.,財務諸表はGAAPに準拠して作成された。,,verified,
709,FAR,amortized cost,償却原価,The bonds are carried at amortized cost.,その債券は償却原価で計上されている。,,verified,
710,FAR,accrued payroll,未払給与,Accrued payroll is recorded at period-end.,未払給与は期末に計上される。,,verified,
711,FAR,statement of retained earnings,利益剰余金計算書,The statement of retained earnings shows dividends declared.,利益剰余金計算書は宣言された配当を示す。,,verified,
712,FAR,statement of comprehensive income,包括利益計算書,The statement of comprehensive income includes OCI items.,包括利益計算書はOCI項目を含む。,,verified,
713,FAR,operating cycle,営業循環,The operating cycle runs from purchase to collection.,営業循環は仕入から回収までの期間である。,,verified,
714,FAR,classified balance sheet,区分式貸借対照表,A classified balance sheet separates current and noncurrent items.,区分式貸借対照表は流動項目と固定項目を区分する。,,verified,
715,FAR,monetary assets,貨幣性資産,Cash and receivables are monetary assets.,現金と債権は貨幣性資産である。,,verified,
716,FAR,nonmonetary assets,非貨幣性資産,Inventory and equipment are nonmonetary assets.,棚卸資産と設備は非貨幣性資産である。,,verified,
717,FAR,replacement cost,再調達原価,Replacement cost is used in the market test.,再調達原価は時価テストで用いられる。,,verified,
718,FAR,going concern assumption,継続企業の公準,The going concern assumption underlies historical cost.,継続企業の公準は取得原価主義の前提となる。,,verified,
719,FAR,economic entity assumption,企業実体の公準,The economic entity assumption separates the business from its owners.,企業実体の公準は企業と所有者を区別する。,,verified,
720,FAR,monetary unit assumption,貨幣的測定の公準,The monetary unit assumption records events in dollars.,貨幣的測定の公準では取引を貨幣額で記録する。,,verified,
721,FAR,periodicity assumption,会計期間の公準,The periodicity assumption divides activity into periods.,会計期間の公準は活動を期間に区切る。,,verified,
722,FAR,full disclosure principle,完全開示の原則,The full disclosure principle requires all material information.,完全開示の原則はすべての重要な情報の開示を求める。,,verified,
723,FAR,revenue,収益,Revenue is recognized when control transfers.,収益は支配の移転時に認識される。,,verified,
724,FAR,expense,費用,Expenses are matched with related revenues.,費用は関連する収益に対応づけられる。,,verified,
725,FAR,gain,利得,A gain arose from the sale of investments.,投資の売却から利得が生じた。,,verified,
726,FAR,loss,損失,A loss was recognized on the disposal.,処分により損失が認識された。,,verified,
727,FAR,asset,資産,An asset provides future economic benefits.,資産は将来の経済的便益をもたらす。,,verified,
728,FAR,liability,負債,A liability is a present obligation.,負債は現在の義務である。,,verified,
729,FAR,equity,資本(持分),Equity is the residual interest in assets.,資本は資産に対する残余持分である。,,verified,
730,FAR,contributed capital,拠出資本,Contributed capital comes from shareholders.,拠出資本は株主からの出資による。,,verified,
731,FAR,accrued liabilities,未払債務,Accrued liabilities include unpaid wages.,未払債務には未払賃金が含まれる。,,verified,
732,FAR,contingent asset,偶発資産,A contingent asset is not recognized until realized.,偶発資産は実現するまで認識されない。,,verified,
733,FAR,executory contract,未履行契約,An executory contract remains unperformed by both parties.,未履行契約は両当事者とも履行していない契約である。,,verified,
734,FAR,purchase allowance,仕入値引,A purchase allowance was granted for damaged goods.,損傷品について仕入値引が認められた。,,verified,
735,FAR,sales allowance,売上値引,The sales allowance reduced the invoice amount.,売上値引により請求額が減額された。,,verified,
736,FAR,net sales,純売上高,Net sales exclude returns and allowances.,純売上高は返品と値引を除く。,,verified,
737,FAR,net purchases,純仕入高,Net purchases include freight-in.,純仕入高には引取運賃が含まれる。,,verified,
738,FAR,beginning inventory,期首棚卸資産,Beginning inventory equals last period's ending inventory.,期首棚卸資産は前期の期末棚卸資産に等しい。,,verified,
739,FAR,ending inventory,期末棚卸資産,Ending inventory was counted on December 31.,期末棚卸資産は12月31日に実査された。,,verified,
740,FAR,goods in transit,未着品,Goods in transit belong to the party holding title.,未着品は所有権を有する側に帰属する。,,verified,
741,AUD,generally accepted auditing standards (GAAS),一般に公正妥当と認められる監査基準(GAAS),The audit was conducted in accordance with GAAS.,監査はGAASに準拠して実施された。,,verified,
742,AUD,PCAOB,公開会社会計監督委員会(PCAOB),The PCAOB sets standards for public company audits.,PCAOBは公開会社の監査基準を設定する。,,verified,
743,AUD,Securities and Exchange Commission (SEC),証券取引委員会(SEC),Public companies file reports with the SEC.,公開会社はSECに報告書を提出する。,,verified,
744,AUD,financial statement audit,財務諸表監査,A financial statement audit provides reasonable assurance.,財務諸表監査は合理的保証を提供する。,,verified,
745,AUD,compliance audit,準拠性監査,A compliance audit tests adherence to rules.,準拠性監査は規則の遵守を検証する。,,verified,
746,AUD,operational audit,業務監査,An operational audit evaluates efficiency and effectiveness.,業務監査は効率性と有効性を評価する。,,verified,
747,AUD,integrated audit,統合監査,An integrated audit covers statements and internal control.,統合監査は財務諸表と内部統制の両方を対象とする。,,verified,
748,AUD,reasonable assurance,合理的保証,An audit provides reasonable but not absolute assurance.,監査は絶対的ではなく合理的な保証を提供する。,,verified,
749,AUD,limited assurance,限定的保証,A review provides limited assurance.,レビューは限定的保証を提供する。,,verified,
750,AUD,negative assurance,消極的保証,The review report expresses negative assurance.,レビュー報告書は消極的保証を表明する。,,verified,
751,AUD,audit strategy,監査の基本方針(監査戦略),The audit strategy sets the scope and timing.,監査の基本方針は範囲と時期を定める。,,verified,
752,AUD,interim testing,期中テスト,Interim testing was performed in October.,期中テストは10月に実施された。,,verified,
753,AUD,roll-forward procedures,ロール・フォワード手続,Roll-forward procedures update interim results to year-end.,ロール・フォワード手続は期中の結果を期末まで更新する。,,verified,
754,AUD,test of details,詳細テスト,Tests of details examine individual transactions.,詳細テストは個々の取引を検証する。,,verified,
755,AUD,dual-purpose test,二重目的テスト,A dual-purpose test addresses controls and amounts together.,二重目的テストは統制と金額を同時に検証する。,,verified,
756,AUD,random selection,無作為抽出,Random selection gives every item an equal chance.,無作為抽出ではすべての項目が等しい確率で選ばれる。,,verified,
757,AUD,systematic selection,系統的抽出,Systematic selection picks every nth item.,系統的抽出は一定間隔で項目を選ぶ。,,verified,
758,AUD,monetary unit sampling,金額単位サンプリング,Monetary unit sampling favors larger balances.,金額単位サンプリングは大きな残高が選ばれやすい。,,verified,
759,AUD,deviation rate,逸脱率,The sample deviation rate was 2 percent.,サンプルの逸脱率は2パーセントだった。,,verified,
760,AUD,expected deviation rate,予想逸脱率,The expected deviation rate affects sample size.,予想逸脱率はサンプル数に影響する。,,verified,
761,AUD,tolerable deviation rate,許容逸脱率,The deviation rate was below the tolerable deviation rate.,逸脱率は許容逸脱率を下回った。,,verified,
762,AUD,entity-level controls,全社的統制,Entity-level controls affect the whole organization.,全社的統制は組織全体に影響する。,,verified,
763,AUD,flowchart,フローチャート,The process was documented in a flowchart.,その業務プロセスはフローチャートで文書化された。,,verified,
764,AUD,internal control questionnaire,内部統制質問書,The internal control questionnaire uses yes-or-no questions.,内部統制質問書は二択の質問を用いる。,,verified,
765,AUD,narrative,業務記述書,A narrative describes the transaction flow in words.,業務記述書は取引の流れを文章で記述する。,,verified,
766,AUD,control deficiency,内部統制の不備,A control deficiency was identified in purchasing.,購買業務で内部統制の不備が識別された。,,verified,
767,AUD,significant deficiency,重要な不備,A significant deficiency merits attention by governance.,重要な不備は統治責任者の注意に値する。,,verified,
768,AUD,material weakness,開示すべき重要な不備,A material weakness makes misstatement reasonably possible.,開示すべき重要な不備は重要な虚偽表示の合理的可能性を生む。,,verified,
769,AUD,threats to independence,独立性への阻害要因,Threats to independence must be evaluated.,独立性への阻害要因は評価されなければならない。,,verified,
770,AUD,safeguards,セーフガード(阻害要因への対応策),Safeguards reduce threats to an acceptable level.,セーフガードは阻害要因を許容水準まで軽減する。,,verified,
771,AUD,self-review threat,自己レビューの脅威,Preparing the statements creates a self-review threat.,財務諸表の作成は自己レビューの脅威を生む。,,verified,
772,AUD,advocacy threat,擁護の脅威,Promoting the client's stock creates an advocacy threat.,クライアント株式の推奨は擁護の脅威を生む。,,verified,
773,AUD,familiarity threat,馴れ合いの脅威,Long association creates a familiarity threat.,長期の関与は馴れ合いの脅威を生む。,,verified,
774,AUD,noncompliance with laws and regulations,法令違反,Identified noncompliance is communicated to management.,識別された法令違反は経営者に伝達される。,,verified,
775,AUD,comfort letter,コンフォート・レター,A comfort letter was provided to the underwriters.,引受人にコンフォート・レターが提供された。,,verified,
776,AUD,special purpose framework,特別目的の枠組み,The statements were prepared under a special purpose framework.,その財務諸表は特別目的の枠組みで作成された。,,verified,
777,AUD,single audit,シングル・オーディット(補助金監査),Federal award recipients may require a single audit.,連邦補助金の受給者にはシングル・オーディットが必要な場合がある。,,verified,
778,AUD,report release date,監査報告書発行日,Documentation is assembled after the report release date.,監査調書は報告書発行日後に整理される。,,verified,
779,AUD,audit documentation,監査文書化,Audit documentation supports the opinion.,監査文書化は監査意見を裏付ける。,,verified,
780,AUD,fieldwork,実地作業(往査),Fieldwork was completed in January.,実地作業は1月に完了した。,,verified,
781,AUD,audit opinion,監査意見,The audit opinion is stated in the report.,監査意見は報告書に記載される。,,verified,
782,AUD,auditor's responsibility,監査人の責任,The auditor's responsibility is to express an opinion.,監査人の責任は意見を表明することである。,,verified,
783,AUD,management's responsibility,経営者の責任,Management's responsibility is to prepare the statements.,経営者の責任は財務諸表を作成することである。,,verified,
784,AUD,critical audit matters,監査上の重要な検討事項(CAM),Critical audit matters are described in PCAOB reports.,監査上の重要な検討事項はPCAOB様式の報告書に記載される。,,verified,
785,AUD,required supplementary information,必須補足情報,Required supplementary information accompanies the statements.,必須補足情報は財務諸表に添付される。,,verified,
786,AUD,other information,その他の記載内容,The auditor reads the other information for inconsistencies.,監査人はその他の記載内容の矛盾の有無を通読する。,,verified,
787,AUD,summary financial statements,要約財務諸表,Summary financial statements are derived from audited statements.,要約財務諸表は監査済財務諸表から作成される。,,verified,
788,AUD,interim review,期中レビュー,An interim review covers quarterly information.,期中レビューは四半期情報を対象とする。,,verified,
789,AUD,client acceptance,監査契約の新規締結(クライアント受入れ),Client acceptance procedures assess integrity and risk.,クライアント受入手続は誠実性とリスクを評価する。,,verified,
790,AUD,successor auditor,後任監査人,The successor auditor requested permission to contact the predecessor.,後任監査人は前任監査人への照会の許可を求めた。,,verified,
791,REG,Uniform Commercial Code (UCC),統一商事法典(UCC),The UCC governs sales of goods.,UCCは物品の売買を規律する。,,verified,
792,REG,merchant,商人,Special rules apply to a merchant under the UCC.,UCCの下では商人に特別な規定が適用される。,,verified,
793,REG,firm offer,確定申込み,A merchant's firm offer is irrevocable without consideration.,商人の確定申込みは約因なしでも撤回できない。,,verified,
794,REG,counteroffer,反対申込み,A counteroffer terminates the original offer.,反対申込みは元の申込みを消滅させる。,,verified,
795,REG,revocation,(申込みの)撤回,Revocation is effective when received.,申込みの撤回は到達時に効力を生じる。,,verified,
796,REG,mailbox rule,発信主義(メールボックス・ルール),Under the mailbox rule acceptance is effective when sent.,発信主義では承諾は発信時に効力を生じる。,,verified,
797,REG,unilateral contract,片務契約,A unilateral contract is accepted by performance.,片務契約は履行によって承諾される。,,verified,
798,REG,bilateral contract,双務契約,A bilateral contract exchanges mutual promises.,双務契約は相互の約束を交換する。,,verified,
799,REG,promissory estoppel,約束的禁反言,Promissory estoppel may enforce a promise without consideration.,約束的禁反言により約因のない約束が強制されることがある。,,verified,
800,REG,condition precedent,停止条件,Payment was subject to a condition precedent.,支払は停止条件に服していた。,,verified,
801,REG,anticipatory repudiation,履行期前の履行拒絶,Anticipatory repudiation allows an immediate lawsuit.,履行期前の履行拒絶により直ちに提訴できる。,,verified,
802,REG,impossibility,履行不能,The contract was discharged by impossibility.,契約は履行不能により消滅した。,,verified,
803,REG,commercial impracticability,商業的実行困難性,Commercial impracticability may excuse performance.,商業的実行困難性は履行を免除し得る。,,verified,
804,REG,accord and satisfaction,合意と履行による債務消滅,The dispute was settled by accord and satisfaction.,その紛争は合意と履行により解決された。,,verified,
805,REG,novation,更改,A novation substitutes a new party for an old one.,更改は当事者を新しい者に交替させる。,,verified,
806,REG,liquidated damages,損害賠償額の予定,The contract included a liquidated damages clause.,契約には損害賠償額の予定条項が含まれていた。,,verified,
807,REG,punitive damages,懲罰的損害賠償,Punitive damages are rare in contract cases.,契約事件で懲罰的損害賠償は稀である。,,verified,
808,REG,compensatory damages,填補賠償,Compensatory damages cover the actual loss.,填補賠償は現実の損失を填補する。,,verified,
809,REG,consequential damages,結果損害(特別損害),Consequential damages must be foreseeable.,結果損害は予見可能でなければならない。,,verified,
810,REG,mitigation of damages,損害軽減義務,The injured party must attempt mitigation of damages.,被害当事者は損害の軽減に努めなければならない。,,verified,
811,REG,express warranty,明示的保証,The seller's statement created an express warranty.,売主の言明は明示的保証を生じさせた。,,verified,
812,REG,implied warranty of merchantability,商品性の黙示的保証,Merchants give an implied warranty of merchantability.,商人は商品性の黙示的保証を負う。,,verified,
813,REG,implied warranty of fitness for a particular purpose,特定目的適合性の黙示的保証,The warranty of fitness arises when the seller selects the goods.,特定目的適合性の保証は売主が商品を選んだ場合に生じる。,,verified,
814,REG,risk of loss,危険負担,Risk of loss passed to the buyer on delivery.,危険負担は引渡時に買主へ移転した。,,verified,
815,REG,express authority,明示の権限,The agent acted within express authority.,代理人は明示の権限の範囲内で行動した。,,verified,
816,REG,implied authority,黙示の権限,Implied authority covers acts reasonably necessary.,黙示の権限は合理的に必要な行為に及ぶ。,,verified,
817,REG,ratification,追認,The principal ratified the unauthorized act.,本人は無権限の行為を追認した。,,verified,
818,REG,undisclosed principal,非顕名の本人,An undisclosed principal may still be liable on the contract.,非顕名の本人も契約上の責任を負い得る。,,verified,
819,REG,respondeat superior,使用者責任,The employer was liable under respondeat superior.,使用者は使用者責任に基づき責任を負った。,,verified,
820,REG,independent contractor,独立請負人,The company is generally not liable for an independent contractor.,会社は原則として独立請負人の行為に責任を負わない。,,verified,
821,REG,strict liability,厳格責任(無過失責任),Strict liability applies to abnormally dangerous activities.,厳格責任は異常に危険な活動に適用される。,,verified,
822,REG,product liability,製造物責任,The defect gave rise to product liability.,その欠陥により製造物責任が生じた。,,verified,
823,REG,tort,不法行為,Negligence is a common tort.,過失は代表的な不法行為である。,,verified,
824,REG,drawer,(手形・小切手の)振出人,The drawer signed the check.,振出人は小切手に署名した。,,verified,
825,REG,drawee,支払人(名宛人),The bank is the drawee of the check.,銀行は小切手の支払人である。,,verified,
826,REG,payee,受取人,The payee deposited the check.,受取人は小切手を預け入れた。,,verified,
827,REG,maker,(約束手形の)振出人,The maker promises to pay the note.,約束手形の振出人は支払を約束する。,,verified,
828,REG,bearer paper,持参人払式証券,Bearer paper is negotiated by delivery alone.,持参人払式証券は引渡しのみで譲渡される。,,verified,
829,REG,order paper,指図式証券,Order paper requires endorsement and delivery.,指図式証券は裏書と引渡しを要する。,,verified,
830,REG,blank endorsement,白地式裏書,A blank endorsement converts the instrument to bearer paper.,白地式裏書により証券は持参人払式となる。,,verified,
831,REG,special endorsement,記名式裏書,A special endorsement names the next holder.,記名式裏書は次の所持人を指定する。,,verified,
832,REG,restrictive endorsement,制限裏書,A restrictive endorsement limits further negotiation.,制限裏書はその後の流通を制限する。,,verified,
833,REG,dishonor,支払拒絶(不渡り),The instrument was dishonored at presentment.,その証券は呈示の際に支払を拒絶された。,,verified,
834,REG,letter of credit,信用状,Payment was secured by a letter of credit.,支払は信用状によって担保された。,,verified,
835,REG,financing statement,担保権登録書類(ファイナンシング・ステートメント),The financing statement was filed with the state.,担保権登録書類は州に提出された。,,verified,
836,REG,purchase money security interest,購入代金担保権(PMSI),A PMSI can obtain super-priority.,購入代金担保権は最優先順位を取得し得る。,,verified,
837,REG,attachment,(担保権の)成立,Attachment requires value and rights in the collateral.,担保権の成立には対価と担保物に対する権利が必要である。,,verified,
838,REG,default,債務不履行,The borrower's default triggered the security agreement.,借主の債務不履行により担保契約が発動した。,,verified,
839,REG,foreclosure,担保権の実行,The lender began foreclosure on the property.,貸主はその不動産の担保権実行を開始した。,,verified,
840,REG,garnishment,債権差押え,Wages were subject to garnishment.,給与は債権差押えの対象となった。,,verified,
841,REG,automatic stay,自動停止(オートマティック・ステイ),The automatic stay halts collection actions.,自動停止は取立行為を停止させる。,,verified,
842,REG,trustee in bankruptcy,破産管財人,The trustee in bankruptcy administers the estate.,破産管財人は破産財団を管理する。,,verified,
843,REG,preference,偏頗弁済,The payment was recovered as a preference.,その支払は偏頗弁済として取り戻された。,,verified,
844,REG,discharge,(破産による)免責,The debtor received a discharge of most debts.,債務者は大部分の債務について免責を受けた。,,verified,
845,REG,Securities Act of 1933,1933年証券法,The Securities Act of 1933 governs initial offerings.,1933年証券法は証券の発行市場を規律する。,,verified,
846,REG,Securities Exchange Act of 1934,1934年証券取引所法,The 1934 Act governs secondary market trading.,1934年法は流通市場での取引を規律する。,,verified,
847,REG,accredited investor,適格投資家,Private offerings often target accredited investors.,私募はしばしば適格投資家を対象とする。,,verified,
848,REG,private placement,私募,The shares were sold in a private placement.,その株式は私募で販売された。,,verified,
849,REG,Form 10-K,年次報告書(Form 10-K),The company filed its Form 10-K in February.,当社は2月にForm 10-Kを提出した。,,verified,
850,REG,Sarbanes-Oxley Act,サーベンス・オクスリー法(SOX法),The Sarbanes-Oxley Act strengthened corporate governance.,SOX法はコーポレート・ガバナンスを強化した。,,verified,
851,REG,legality,(契約の)適法性,Legality is required for an enforceable contract.,強制可能な契約には適法性が必要である。,,verified,
852,REG,unconscionable contract,非良心的契約,A court may refuse to enforce an unconscionable contract.,裁判所は非良心的契約の強制を拒否できる。,,verified,
853,REG,adhesion contract,附合契約,An adhesion contract is offered on fixed terms.,附合契約は一方が定めた条件で提示される。,,verified,
854,REG,mutual mistake,双方の錯誤,A mutual mistake may make the contract voidable.,双方の錯誤があると契約は取消可能となり得る。,,verified,
855,REG,unilateral mistake,一方の錯誤,A unilateral mistake generally does not excuse performance.,一方の錯誤は原則として履行を免除しない。,,verified,
856,REG,cover,(買主の)代替品調達,The buyer purchased cover after the breach.,買主は契約違反の後に代替品を調達した。,,verified,
857,REG,cure,(売主の)追完,The seller has a right to cure a defective delivery.,売主は不適合な引渡しを追完する権利を有する。,,verified,
858,REG,installment contract,分割履行契約,Each delivery under an installment contract is separate.,分割履行契約の各引渡しは別個に扱われる。,,verified,
859,REG,quasi-contract,準契約,Recovery was allowed under a quasi-contract theory.,準契約の法理により回復が認められた。,,verified,
860,REG,guaranty,保証(契約),The parent company signed a guaranty for the loan.,親会社はその借入の保証契約に署名した。,,verified,
861,REG,suretyship,保証関係,Suretyship makes a third party liable for the debt.,保証関係により第三者が債務に責任を負う。,,verified,
862,REG,subrogation,代位,The surety obtained the creditor's rights by subrogation.,保証人は代位により債権者の権利を取得した。,,verified,
863,REG,contribution,(共同保証人間の)求償,A co-surety may seek contribution from the others.,共同保証人は他の保証人に求償できる。,,verified,
864,REG,mechanic's lien,建築先取特権,The contractor filed a mechanic's lien on the building.,請負業者はその建物に建築先取特権を登録した。,,verified,
865,REG,judgment lien,判決リーエン,A judgment lien attached to the debtor's real estate.,判決リーエンが債務者の不動産に成立した。,,verified,
866,REG,involuntary bankruptcy,強制破産(債権者申立て),Creditors filed an involuntary bankruptcy petition.,債権者らは強制破産を申し立てた。,,verified,
867,REG,voluntary bankruptcy,自己破産(債務者申立て),The debtor filed a voluntary bankruptcy petition.,債務者は自己破産を申し立てた。,,verified,
868,REG,reorganization plan,再建計画,The court confirmed the reorganization plan.,裁判所は再建計画を認可した。,,verified,
869,REG,proof of claim,債権届出,Each creditor filed a proof of claim.,各債権者は債権届出を行った。,,verified,
870,REG,priority claims,優先債権,Priority claims are paid before general claims.,優先債権は一般債権より先に弁済される。,,verified,
871,BAR,cost-volume-profit analysis,CVP分析(原価・営業量・利益分析),Cost-volume-profit analysis links costs and sales volume.,CVP分析は原価と販売量を関連づける。,,verified,
872,BAR,margin of safety,安全余裕率,The margin of safety shows how far sales can fall.,安全余裕率は売上がどこまで減少できるかを示す。,,verified,
873,BAR,operating leverage,経営レバレッジ,High fixed costs create high operating leverage.,固定費が大きいと経営レバレッジは高くなる。,,verified,
874,BAR,sales mix,販売構成(セールス・ミックス),A change in sales mix affected total profit.,販売構成の変化が利益合計に影響した。,,verified,
875,BAR,high-low method,高低点法,The high-low method separates fixed and variable costs.,高低点法は固定費と変動費を分解する。,,verified,
876,BAR,learning curve,学習曲線,The learning curve lowers labor time per unit.,学習曲線により単位当たり作業時間が減少する。,,verified,
877,BAR,theory of constraints,制約理論,The theory of constraints focuses on the bottleneck.,制約理論はボトルネックに焦点を当てる。,,verified,
878,BAR,bottleneck,ボトルネック,The assembly line is the bottleneck of the plant.,組立ラインが工場のボトルネックである。,,verified,
879,BAR,equivalent units,完成品換算量,Equivalent units measure partially completed work.,完成品換算量は仕掛品の進捗を測定する。,,verified,
880,BAR,joint costs,連産品原価(結合原価),Joint costs are allocated at the split-off point.,結合原価は分離点で配分される。,,verified,
881,BAR,split-off point,分離点,Products become identifiable at the split-off point.,製品は分離点で識別可能になる。,,verified,
882,BAR,byproduct,副産物,The byproduct has minor sales value.,副産物の販売価値は小さい。,,verified,
883,BAR,normal spoilage,正常仕損,Normal spoilage is included in product cost.,正常仕損は製品原価に含められる。,,verified,
884,BAR,abnormal spoilage,異常仕損,Abnormal spoilage is expensed as a loss.,異常仕損は損失として費用処理される。,,verified,
885,BAR,cost driver,原価作用因(コスト・ドライバー),Machine hours serve as the cost driver.,機械稼働時間がコスト・ドライバーとなる。,,verified,
886,BAR,predetermined overhead rate,予定間接費配賦率,Overhead is applied using a predetermined rate.,間接費は予定配賦率で配賦される。,,verified,
887,BAR,underapplied overhead,配賦不足,Underapplied overhead was closed to cost of goods sold.,配賦不足は売上原価に振り替えられた。,,verified,
888,BAR,overapplied overhead,配賦超過,Overapplied overhead reduces cost of goods sold.,配賦超過は売上原価を減少させる。,,verified,
889,BAR,responsibility accounting,責任会計,Responsibility accounting assigns results to managers.,責任会計は業績を管理者に帰属させる。,,verified,
890,BAR,profit center,利益センター,Each store is treated as a profit center.,各店舗は利益センターとして扱われる。,,verified,
891,BAR,cost center,コスト・センター,The maintenance department is a cost center.,保全部門はコスト・センターである。,,verified,
892,BAR,investment center,投資センター,An investment center is judged on return on investment.,投資センターは投資利益率で評価される。,,verified,
893,BAR,return on investment,投資利益率(ROI),The division's return on investment improved.,その事業部のROIは改善した。,,verified,
894,BAR,asset turnover,総資産回転率,Asset turnover measures sales per dollar of assets.,総資産回転率は資産1ドル当たりの売上を測る。,,verified,
895,BAR,profit margin,売上高利益率,The profit margin declined due to higher costs.,コスト上昇により売上高利益率が低下した。,,verified,
896,BAR,DuPont analysis,デュポン分析,DuPont analysis decomposes return on equity.,デュポン分析はROEを分解する。,,verified,
897,BAR,days sales outstanding,売上債権回収日数,Days sales outstanding fell to 35 days.,売上債権回収日数は35日に短縮した。,,verified,
898,BAR,days inventory on hand,棚卸資産保有日数,Days inventory on hand indicates inventory efficiency.,棚卸資産保有日数は在庫効率を示す。,,verified,
899,BAR,cash conversion cycle,現金循環化日数,A shorter cash conversion cycle frees up cash.,現金循環化日数の短縮は資金を生み出す。,,verified,
900,BAR,times interest earned,インタレスト・カバレッジ・レシオ,Times interest earned measures debt service ability.,インタレスト・カバレッジ・レシオは利払能力を測る。,,verified,
901,BAR,dividend payout ratio,配当性向,The dividend payout ratio was 40 percent.,配当性向は40パーセントだった。,,verified,
902,BAR,price-earnings ratio,株価収益率(PER),The stock trades at a high price-earnings ratio.,その株式は高いPERで取引されている。,,verified,
903,BAR,beta,ベータ(市場感応度),A beta above one indicates higher volatility.,1を超えるベータはより高い変動性を示す。,,verified,
904,BAR,capital asset pricing model,資本資産価格モデル(CAPM),The CAPM estimates the cost of equity.,CAPMは株主資本コストを推定する。,,verified,
905,BAR,systematic risk,市場リスク(システマティック・リスク),Systematic risk cannot be diversified away.,市場リスクは分散投資で除去できない。,,verified,
906,BAR,unsystematic risk,個別リスク,Unsystematic risk is reduced by diversification.,個別リスクは分散投資により低減される。,,verified,
907,BAR,diversification,分散投資,Diversification spreads risk across assets.,分散投資はリスクを複数の資産に分散させる。,,verified,
908,BAR,yield curve,イールド・カーブ(利回り曲線),The yield curve flattened this quarter.,今四半期はイールド・カーブが平坦化した。,,verified,
909,BAR,nominal interest rate,名目金利,The nominal interest rate includes expected inflation.,名目金利は期待インフレ率を含む。,,verified,
910,BAR,real interest rate,実質金利,The real interest rate excludes inflation.,実質金利はインフレの影響を除く。,,verified,
911,ISC,COBIT,COBIT(ITガバナンスの枠組み),COBIT provides a framework for IT governance.,COBITはITガバナンスの枠組みを提供する。,,verified,
912,ISC,SOC 1 report,SOC1報告書,A SOC 1 report addresses controls over financial reporting.,SOC1報告書は財務報告に関連する統制を扱う。,,verified,
913,ISC,SOC 2 report,SOC2報告書,A SOC 2 report addresses the trust services criteria.,SOC2報告書はトラスト・サービス規準を扱う。,,verified,
914,ISC,type 1 report,タイプ1報告書,A type 1 report covers design at a point in time.,タイプ1報告書は一時点における整備状況を扱う。,,verified,
915,ISC,type 2 report,タイプ2報告書,A type 2 report covers operating effectiveness over a period.,タイプ2報告書は一定期間の運用状況を扱う。,,verified,
916,ISC,trust services criteria,トラスト・サービス規準,The trust services criteria include security and availability.,トラスト・サービス規準にはセキュリティと可用性が含まれる。,,verified,
917,ISC,processing integrity,処理のインテグリティ,Processing integrity means complete and accurate processing.,処理のインテグリティは完全かつ正確な処理を意味する。,,verified,
918,ISC,privacy,プライバシー,Privacy addresses personal information handling.,プライバシーは個人情報の取扱いを扱う。,,verified,
919,ISC,data governance,データ・ガバナンス,Data governance defines ownership and quality rules.,データ・ガバナンスは責任と品質のルールを定める。,,verified,
920,ISC,data classification,データ分類,Data classification labels information by sensitivity.,データ分類は情報を機密度で区分する。,,verified,
921,ISC,data retention,データ保持,The data retention policy sets storage periods.,データ保持ポリシーは保存期間を定める。,,verified,
922,ISC,hashing,ハッシュ化,Hashing verifies that data has not changed.,ハッシュ化はデータが改変されていないことを確かめる。,,verified,
923,ISC,digital signature,電子署名,A digital signature authenticates the sender.,電子署名は送信者の真正性を確認する。,,verified,
924,ISC,public key infrastructure,公開鍵基盤(PKI),Public key infrastructure manages digital certificates.,PKIは電子証明書を管理する。,,verified,
925,ISC,virtual private network (VPN),仮想私設網(VPN),Remote employees connect through a VPN.,在宅勤務者はVPN経由で接続する。,,verified,
926,ISC,network segmentation,ネットワーク・セグメンテーション,Network segmentation limits the spread of attacks.,ネットワーク分割は攻撃の拡大を抑える。,,verified,
927,ISC,zero trust,ゼロ・トラスト,Zero trust verifies every access request.,ゼロ・トラストはすべてのアクセス要求を検証する。,,verified,
928,ISC,endpoint security,エンドポイント・セキュリティ,Endpoint security protects laptops and devices.,エンドポイント・セキュリティはPCや端末を保護する。,,verified,
929,ISC,security awareness training,セキュリティ意識向上研修,Security awareness training is held annually.,セキュリティ意識向上研修は毎年実施される。,,verified,
930,ISC,recovery time objective,目標復旧時間(RTO),The recovery time objective is four hours.,目標復旧時間は4時間である。,,verified,
931,ISC,recovery point objective,目標復旧時点(RPO),The recovery point objective limits acceptable data loss.,目標復旧時点は許容できるデータ損失の範囲を定める。,,verified,
932,ISC,hot site,ホット・サイト,A hot site is ready for immediate use.,ホット・サイトは直ちに利用できる。,,verified,
933,ISC,cold site,コールド・サイト,A cold site requires setup before use.,コールド・サイトは利用前に設営が必要である。,,verified,
934,ISC,redundancy,冗長化,Redundancy keeps systems running after a failure.,冗長化は障害後もシステムを稼働させる。,,verified,
935,ISC,failover,フェイルオーバー,Failover switched processing to the backup server.,フェイルオーバーにより処理は予備サーバーへ切り替わった。,,verified,
936,ISC,uninterruptible power supply,無停電電源装置(UPS),The UPS protected the servers during the outage.,停電の間UPSがサーバーを保護した。,,verified,
937,ISC,input controls,入力統制,Input controls check data before processing.,入力統制は処理前にデータをチェックする。,,verified,
938,ISC,output controls,出力統制,Output controls ensure reports reach authorized users.,出力統制は報告書が権限ある利用者に届くことを確保する。,,verified,
939,ISC,limit check,リミット・チェック(限度チェック),A limit check rejects amounts above the ceiling.,リミット・チェックは上限を超える金額を拒否する。,,verified,
940,ISC,exception report,例外報告書,Unusual transactions appear on the exception report.,異常な取引は例外報告書に表示される。,,verified,
941,ISC,enterprise resource planning (ERP),統合基幹業務システム(ERP),The ERP system integrates all business processes.,ERPはすべての業務プロセスを統合する。,,verified,
942,ISC,application programming interface (API),API(アプリケーション・プログラミング・インターフェース),Data is exchanged between systems through an API.,データはAPIを通じてシステム間で交換される。,,verified,
943,ISC,operating system,オペレーティング・システム,The operating system manages hardware resources.,オペレーティング・システムはハードウェア資源を管理する。,,verified,
944,ISC,local area network (LAN),構内ネットワーク(LAN),The office computers share a LAN.,オフィスのコンピュータはLANを共有する。,,verified,
945,ISC,wide area network (WAN),広域ネットワーク(WAN),Branches are connected through a WAN.,支店はWANで接続されている。,,verified,
946,ISC,data center,データセンター,The servers are housed in a secure data center.,サーバーは安全なデータセンターに設置されている。,,verified,
947,ISC,virtualization,仮想化,Virtualization runs multiple servers on one machine.,仮想化は1台の機器で複数のサーバーを稼働させる。,,verified,
948,ISC,scalability,拡張性(スケーラビリティ),Cloud services offer high scalability.,クラウド・サービスは高い拡張性を提供する。,,verified,
949,ISC,system development life cycle,システム開発ライフサイクル(SDLC),The SDLC includes design and testing phases.,SDLCには設計とテストの段階が含まれる。,,verified,
950,ISC,user acceptance testing,受入テスト(UAT),Users approved the system after user acceptance testing.,受入テストの後に利用者はシステムを承認した。,,verified,
951,TCP,above-the-line deduction,所得調整控除(AGI前控除),Above-the-line deductions reduce adjusted gross income.,AGI前控除は調整後総所得を減少させる。,,verified,
952,TCP,qualified business income deduction,適格事業所得控除(QBI控除),The owner claimed the qualified business income deduction.,その事業主はQBI控除を適用した。,,verified,
953,TCP,Section 179 expensing,179条即時償却,Section 179 allows immediate expensing of equipment.,179条により設備の即時費用化が認められる。,,verified,
954,TCP,bonus depreciation,特別償却(ボーナス減価償却),Bonus depreciation accelerates cost recovery.,ボーナス償却は原価回収を加速する。,,verified,
955,TCP,MACRS,修正加速度原価回収制度(MACRS),Tax depreciation follows the MACRS tables.,税務上の減価償却はMACRSの表に従う。,,verified,
956,TCP,half-year convention,半年慣行,The half-year convention assumes mid-year acquisition.,半年慣行は年央での取得を仮定する。,,verified,
957,TCP,safe harbor,セーフ・ハーバー(免責基準),The taxpayer met the estimated tax safe harbor.,納税者は予定納税のセーフ・ハーバーを満たした。,,verified,
958,TCP,capital loss carryover,譲渡損失の繰越,The unused capital loss becomes a carryover.,未使用の譲渡損失は繰越となる。,,verified,
959,TCP,qualified small business stock,適格中小企業株式,Gains on qualified small business stock may be excluded.,適格中小企業株式の譲渡益は非課税となり得る。,,verified,
960,TCP,incentive stock option,税制適格ストック・オプション(ISO),No income is recognized when an ISO is exercised.,ISOの行使時には所得は認識されない。,,verified,
961,TCP,nonqualified stock option,税制非適格ストック・オプション,Exercising a nonqualified option creates ordinary income.,非適格オプションの行使は通常所得を生む。,,verified,
962,TCP,restricted stock,譲渡制限株式,Restricted stock is taxed when it vests.,譲渡制限株式は権利確定時に課税される。,,verified,
963,TCP,vesting,権利確定,The shares are subject to four-year vesting.,その株式は4年の権利確定期間に服する。,,verified,
964,TCP,Section 83(b) election,83条(b)項の選択,A Section 83(b) election taxes the stock at grant.,83条(b)項の選択により株式は付与時に課税される。,,verified,
965,TCP,tax deferral,課税繰延べ,Retirement plans provide tax deferral.,退職年金制度は課税繰延べをもたらす。,,verified,
966,TCP,constructive receipt,みなし受領,Constructive receipt taxes income made available.,みなし受領により受領可能となった所得は課税される。,,verified,
967,TCP,assignment of income doctrine,所得移転の法理,The assignment of income doctrine taxes the earner.,所得移転の法理により稼得者に課税される。,,verified,
968,TCP,step-up in basis,(相続時の)ベーシスの引上げ,Inherited assets receive a step-up in basis.,相続資産はベーシスの引上げを受ける。,,verified,
969,TCP,carryover basis,引継ベーシス,Gifted property takes a carryover basis.,贈与財産は引継ベーシスを承継する。,,verified,
970,TCP,gift splitting,贈与の夫婦分割(ギフト・スプリッティング),Gift splitting doubles the annual exclusion.,贈与の夫婦分割により年間非課税枠は2倍になる。,,verified,
971,TCP,charitable remainder trust,公益残余信託,A charitable remainder trust pays income before the gift.,公益残余信託は寄付の前に受益者へ収益を支払う。,,verified,
972,TCP,life insurance proceeds,生命保険金,Life insurance proceeds are generally tax-free.,生命保険金は原則として非課税である。,,verified,
973,TCP,education credits,教育税額控除,Education credits offset tuition costs.,教育税額控除は授業料負担を軽減する。,,verified,
974,TCP,lifetime learning credit,生涯学習税額控除,The lifetime learning credit applies to continuing education.,生涯学習税額控除は継続教育に適用される。,,verified,
975,TCP,premium tax credit,保険料税額控除,The premium tax credit subsidizes health insurance.,保険料税額控除は医療保険料を補助する。,,verified,
976,TCP,self-employment tax,自営業税,Self-employment tax covers social security and medicare.,自営業税は社会保障とメディケアの財源となる。,,verified,
977,TCP,hobby loss rules,趣味活動の損失制限,The hobby loss rules disallowed the deductions.,趣味活動の損失制限により控除が否認された。,,verified,
978,TCP,home office deduction,自宅事務所控除,The home office deduction requires exclusive business use.,自宅事務所控除には事業専用の使用が必要である。,,verified,
979,TCP,early withdrawal penalty,早期引出しペナルティ,An early withdrawal penalty applies before the specified age.,所定の年齢前の引出しにはペナルティが課される。,,verified,
980,TCP,catch-up contribution,キャッチアップ拠出,Older workers may make catch-up contributions.,一定年齢以上の労働者はキャッチアップ拠出ができる。,,verified,
981,TCP,adjusted basis,調整後ベーシス,Gain equals the amount realized minus adjusted basis.,利得は実現額から調整後ベーシスを差し引いた額である。,,verified,
982,TCP,amount realized,譲渡対価(実現額),The amount realized includes cash and debt relief.,実現額には現金と債務の引受けが含まれる。,,verified,
983,TCP,recognized gain,認識利得,Only part of the realized gain was recognized.,実現利得の一部のみが認識された。,,verified,
984,TCP,holding period,保有期間,The holding period determines capital gain treatment.,保有期間は譲渡益の取扱いを決める。,,verified,
985,TCP,inherited property,相続財産,Inherited property is treated as long-term.,相続財産は長期保有として扱われる。,,verified,
986,TCP,community property,夫婦共有財産,Community property rules apply in some states.,一部の州では夫婦共有財産制度が適用される。,,verified,
987,TCP,alternate valuation date,(遺産の)代替評価日,The estate elected the alternate valuation date.,遺産について代替評価日が選択された。,,verified,
988,TCP,portability,(遺産税控除の)移転(ポータビリティ),Portability transfers the unused exclusion to the spouse.,ポータビリティにより未使用の控除枠が配偶者へ移転する。,,verified,
989,TCP,qualified disclaimer,適格放棄,A qualified disclaimer passes property without gift tax.,適格放棄により贈与税なしで財産が移転する。,,verified,
990,TCP,present interest,現在権益,The annual exclusion requires a present interest.,年間非課税枠には現在権益が必要である。,,verified,
991,TCP,future interest,将来権益,A future interest does not qualify for the exclusion.,将来権益は非課税枠の対象とならない。,,verified,
992,TCP,remainder interest,残余権,The trust gave a remainder interest to the children.,その信託は子らに残余権を与えた。,,verified,
993,TCP,life estate,生涯権益,The widow received a life estate in the home.,その未亡人は自宅の生涯権益を得た。,,verified,
994,TCP,charitable lead trust,公益先行信託,A charitable lead trust pays the charity first.,公益先行信託はまず公益団体に支払う。,,verified,
995,TCP,underpayment penalty,過少納付ペナルティ,An underpayment penalty was assessed for the year.,その年度について過少納付ペナルティが賦課された。,,verified,
996,TCP,failure-to-file penalty,無申告ペナルティ,The failure-to-file penalty exceeds the failure-to-pay penalty.,無申告ペナルティは納付遅延ペナルティより重い。,,verified,
997,TCP,failure-to-pay penalty,納付遅延ペナルティ,A failure-to-pay penalty accrues monthly.,納付遅延ペナルティは月ごとに加算される。,,verified,
998,TCP,accuracy-related penalty,正確性関連ペナルティ,An accuracy-related penalty applies to negligent understatement.,正確性関連ペナルティは過失による過少申告に適用される。,,verified,
999,TCP,innocent spouse relief,無過失配偶者救済,Innocent spouse relief protects an unaware spouse.,無過失配偶者救済は事情を知らない配偶者を保護する。,,verified,
1000,TCP,offer in compromise,和解申出(オファー・イン・コンプロマイズ),An offer in compromise settles the tax debt for less.,和解申出により税債務は減額されて解決される。,,verified,
